packet_count,byte_count,flow_duration,packets_per_second,bytes_per_second,destination_port_count,connection_count,protocol,label
3961,9147567,13,706.1829828625237,679041.0873003609,2,7619,6,DDOS
4753,5321026,7,357.0376333354735,1494530.1553726569,4,4700,6,DDOS
5374,5393311,11,1066.735830333683,161398.6868046701,2,4002,6,DDOS
76,4120,90,1.4484243854299197,126.70608084806906,1,95,6,C2_BEACON
650,48077,29,37.86559173701675,1958.1530374743552,234,240,6,PORT_SCAN
25,4881,5,5.3106705986122975,637.4318909650721,5,1,6,NORMAL
757,31548,17,10.768852583419587,2508.348151510174,215,158,6,PORT_SCAN
77,7501,94,2.49983801893519,272.84131173014634,1,59,6,C2_BEACON
15,2261,58,6.924299534100685,190.90760750064442,2,6,6,NORMAL
63,5614,61,2.1136931385394355,79.11273169152894,3,22,6,C2_BEACON
36,7119,14,4.522926296670938,421.1949278199322,1,5,6,NORMAL
13,3110,11,6.7938221570870425,667.4626500794725,2,3,6,NORMAL
53,4960,49,2.2711573935906655,679.48164408002,1,10,6,NORMAL
9333,5758152,8,1298.8009981899818,1118992.7128361796,2,7928,6,DDOS
21,2806,53,7.45018159808644,412.34289575634585,1,8,6,NORMAL
38,1677,60,7.217756462298822,295.15012739016504,3,7,6,NORMAL
9237,4959984,10,867.8781398258653,538693.4539402928,4,6514,6,DDOS
674,5520,9,34.85709245268576,1226.6515004601642,90,195,6,PORT_SCAN
58,7086,60,2.9715628720944514,367.99941255960914,5,3,6,NORMAL
8407,9790952,13,947.2708634037693,731236.6503482389,5,3560,6,DDOS
36,5359,61,1.3528557098524336,355.02914937264427,3,59,6,C2_BEACON
71,2578,24,4.8323836481770295,785.4847600327422,4,3,6,NORMAL
37,1041,82,1.0178408514469666,401.9227589402063,3,36,6,C2_BEACON
50,2754,42,0.931044928503363,298.8646450268361,3,89,6,C2_BEACON
64,7611,51,0.8858455997928203,323.2479372649609,3,6,6,NORMAL
46,2584,55,1.0087704755983808,335.26979484673694,5,6,6,NORMAL
7538,2203045,6,1215.573956561453,994748.8191616577,2,5990,6,DDOS
9896,9701778,10,849.6085104711265,872514.9083236876,3,3813,6,DDOS
4697,4183039,6,842.49608394356,389857.65817802364,2,6013,6,DDOS
58,6905,50,3.1933408237817376,567.291915732349,4,6,6,NORMAL
4805,4822289,13,871.5627814963806,1351390.7814202595,1,3224,6,DDOS
18,1247,58,1.1402326799871454,460.28269262415324,3,3,6,NORMAL
5445,8735014,15,818.830103301012,1219212.1340816075,3,3151,6,DDOS
56,6124,90,2.2109076509432204,478.33073635871085,1,96,6,C2_BEACON
40,4036,49,4.926229059375915,643.9535882489453,4,7,6,NORMAL
4228,3719816,3,594.7039317820497,1249481.7949852631,4,8952,6,DDOS
227,25112,23,28.12717665906719,2589.99949068795,266,95,6,PORT_SCAN
6199,5672822,10,362.8983074266196,56765.31248214691,4,4305,6,DDOS
786,31326,18,31.997588104813506,1257.3862825516833,116,239,6,PORT_SCAN
4179,3564676,7,1221.9656296637227,273629.68768813915,4,3772,6,DDOS
23,2633,57,1.3442078819813779,450.46609431895394,3,69,6,C2_BEACON
6766,6010598,3,1396.8218895063853,243902.3300062325,1,8807,6,DDOS
671,33535,25,17.186317117738977,563.238886485592,143,268,6,PORT_SCAN
6058,9567074,5,1238.4283951982393,829426.6632295273,4,8401,6,DDOS
48,586,5,4.424871803189429,770.3787763085153,2,6,6,NORMAL
577,35702,25,23.729051437261905,2545.7243633429143,77,71,6,PORT_SCAN
4681,7216130,5,1291.3011877823892,59751.813308036704,1,2208,6,DDOS
10,5887,60,4.569451957678963,442.58519225935544,2,9,6,NORMAL
703,38382,7,10.328973951533222,519.459362953031,201,144,6,PORT_SCAN
52,5456,35,1.798922116007941,308.9590661363171,2,90,6,C2_BEACON
64,4285,19,6.483168412281988,648.2723029347449,2,7,6,NORMAL
773,45446,8,20.132379458238354,2090.4929120402385,97,86,6,PORT_SCAN
18,2382,29,3.3909641205638565,153.14160820643974,2,9,6,NORMAL
41,2133,58,0.6528501299024926,194.76322849555086,2,8,6,NORMAL
41,5963,11,3.1525897596096377,581.8893431866762,4,10,6,NORMAL
19,1951,54,5.209615790887756,490.7554150873686,5,10,6,NORMAL
5892,5271138,10,1447.4566265913522,947013.8332992111,2,9770,6,DDOS
9505,4471899,4,1230.89936614005,948371.5056320111,1,8314,6,DDOS
103,25392,13,24.61957854981696,794.286428791517,169,195,6,PORT_SCAN
8347,6797691,15,1130.153819839632,1203221.5541047382,1,8596,6,DDOS
27,7248,63,1.0684903867405908,75.43138034747061,3,91,6,C2_BEACON
7847,6524113,7,454.1905378917253,952353.4768217934,1,5177,6,DDOS
61,3497,7,3.5043621576106743,591.7675616869778,2,6,6,NORMAL
38,4376,33,2.3226434189197267,432.24353753719544,2,65,6,C2_BEACON
60,2760,17,7.761551569522901,951.5602488490307,4,2,6,NORMAL
5911,4775844,12,398.12347384077395,779994.6227937161,1,8583,6,DDOS
5241,665479,4,752.5871781660783,1454721.5545343389,4,2720,6,DDOS
23,4516,50,7.32275621836422,119.81617997812798,1,6,6,NORMAL
60,5288,11,0.5551067951049866,999.4579108747666,3,9,6,NORMAL
31,1177,41,0.731455292322536,773.003787618153,3,1,6,NORMAL
12,4812,35,0.505126222878731,922.0013766246142,2,3,6,NORMAL
53,7544,94,1.2061406457466346,405.8191870838702,2,21,6,C2_BEACON
80,6974,114,2.46031444927447,213.53670735030954,2,90,6,C2_BEACON
9237,5772748,4,859.0820352165356,803604.9928298065,4,6918,6,DDOS
6677,5805659,3,770.2306615824234,535323.4322266497,5,1415,6,DDOS
8292,3194157,7,1124.2258840909503,392388.25469095714,2,2860,6,DDOS
5671,889899,12,1242.4293729562369,1387109.0762447221,2,6410,6,DDOS
41,6390,86,0.5632741837080066,248.2387224675886,1,97,6,C2_BEACON
5168,4074653,3,1185.630866567878,874820.8196517165,2,5994,6,DDOS
63,5885,42,4.739201928830671,350.55135367789075,3,4,6,NORMAL
753,27852,20,23.566139809734622,2885.83805374921,274,126,6,PORT_SCAN
72,6957,26,7.20615993528917,774.1413213013767,1,2,6,NORMAL
29,2991,91,1.0252124604677353,93.70656682932044,3,29,6,C2_BEACON
50,2455,21,3.468393850934409,688.1057118119727,3,8,6,NORMAL
3535,2651617,14,378.05918569056007,426455.49702396186,5,4734,6,DDOS
467,5517,10,19.74927169563142,1336.781195116636,215,281,6,PORT_SCAN
37,5406,77,1.595310932465011,177.90589816841373,2,37,6,C2_BEACON
12,3698,60,4.0260130861886445,653.8872518951986,3,5,6,NORMAL
256,16593,9,7.898861726261975,2585.1610758491443,80,64,6,PORT_SCAN
581,14924,20,33.485409815227015,2333.9017126099466,122,83,6,PORT_SCAN
273,23905,13,39.608195097863344,2383.6720121301605,286,109,6,PORT_SCAN
69,4637,30,5.26557356806883,167.679215946165,1,4,6,NORMAL
64,5197,30,5.821242211767006,446.80926185130653,1,7,6,NORMAL
31,3960,23,5.098507094329194,101.81933347475012,5,3,6,NORMAL
15,7446,35,3.283974015377507,349.6460606733214,5,5,6,NORMAL
8291,1985285,5,1148.650351388491,879392.4507771309,3,3028,6,DDOS
4603,878303,4,946.0947529922549,695914.2188112579,1,9385,6,DDOS
367,24793,24,15.875753023218875,1909.7690290923465,223,274,6,PORT_SCAN
8480,5614309,5,1143.9653854902044,1293987.061284871,5,1399,6,DDOS
57,6011,52,5.542555980132598,605.3320870695577,3,2,6,NORMAL
34,4774,76,1.3325302451659957,354.9509610023156,3,53,6,C2_BEACON
29,4570,65,2.677521789743805,133.70903173901064,2,59,6,C2_BEACON
20,3677,79,1.265659716495379,410.0171778896098,3,92,6,C2_BEACON
476,28054,11,17.00939730017162,2795.1714705288873,110,109,6,PORT_SCAN
62,6696,42,2.206345689684259,107.93455875484122,4,9,6,NORMAL
4192,666911,14,1267.4962388040008,1418282.1184463257,1,6542,6,DDOS
80,5423,43,5.908847291446836,320.6747695060161,1,5,6,NORMAL
79,1625,25,6.773203192168421,803.4465864492225,1,10,6,NORMAL
8958,1865794,15,864.8007523208607,1012078.1879245143,1,3743,6,DDOS
63,7304,11,4.336885898491342,636.813057302295,3,2,6,NORMAL
4864,4307191,14,1198.9644903827461,737935.4651190237,5,8679,6,DDOS
56,4848,32,1.2836501209244218,446.3276735917642,2,38,6,C2_BEACON
5621,2890091,9,1371.6132252593438,424004.72048293106,1,1849,6,DDOS
44,1403,87,1.5963671356286517,139.3869798074254,2,95,6,C2_BEACON
77,833,51,1.0279109720768307,338.7093214246526,2,9,6,NORMAL
50,2627,38,4.813570167591292,642.0819393259336,2,10,6,NORMAL
672,44654,7,33.579559245965854,1671.0902392382968,130,217,6,PORT_SCAN
800,32716,13,13.82249509728741,940.2640477491782,86,67,6,PORT_SCAN
133,48061,28,10.252614008919434,2406.5295904468903,216,70,6,PORT_SCAN
240,43426,17,35.524018764575445,1050.5238785100657,100,117,6,PORT_SCAN
76,1753,24,1.734928099175931,356.5277135968278,2,6,6,NORMAL
78,6264,19,4.251967599171598,841.6864922988843,3,2,6,NORMAL
37,6550,35,2.573747202265169,610.1075606627513,5,10,6,NORMAL
283,14853,20,7.346680460615907,2942.4403348118517,129,229,6,PORT_SCAN
34,5283,43,0.7214323915095123,379.291688065918,3,66,6,C2_BEACON
71,1080,19,3.3730244425682954,744.2252126757725,1,2,6,NORMAL
41,2408,21,6.583056775869937,137.30986522110402,4,10,6,NORMAL
74,6794,92,1.3764847617037823,412.6538749560422,2,40,6,C2_BEACON
421,46520,19,33.29921693085601,949.5160896099168,52,281,6,PORT_SCAN
64,512,44,3.1461202971952535,592.1305302213074,2,2,6,NORMAL
78,634,45,4.365317976570545,279.84122769994366,2,5,6,NORMAL
552,19459,15,14.407772586771486,1954.159498769802,256,269,6,PORT_SCAN
30,2295,42,0.5373461534952074,453.7349127249036,1,73,6,C2_BEACON
205,19184,13,11.241384105405333,1909.1494139716424,82,254,6,PORT_SCAN
6726,8280612,15,466.34869761048884,1069545.5904139022,2,7068,6,DDOS
59,536,50,2.1109707880272235,314.4275889896543,1,10,6,NORMAL
5661,2669632,6,1335.9346125902139,1212259.0462363053,3,6294,6,DDOS
31,1113,53,4.18735970858301,278.84722586236956,3,1,6,NORMAL
24,1645,7,7.596961496614597,339.14635513820497,4,2,6,NORMAL
69,3516,42,7.788933088631965,997.8977604507103,2,9,6,NORMAL
101,45014,24,31.308956101062346,2786.465001800463,215,108,6,PORT_SCAN
3811,734617,11,560.3976909739819,327743.9042790421,3,3814,6,DDOS
7134,5531638,9,1096.1480367775043,504361.8011482926,4,7591,6,DDOS
7042,7400102,15,963.3886735549327,1493208.7532033138,1,2723,6,DDOS
3204,7287429,10,1222.2217990045299,1424294.1283744504,3,3556,6,DDOS
8693,2206614,14,1410.348378650197,1467887.327407663,1,6959,6,DDOS
6151,3577684,14,982.3383190828636,620649.4105088329,1,4927,6,DDOS
60,7559,52,0.8172669617209354,67.80445975636341,1,6,6,NORMAL
23,3908,42,4.1200613790525935,590.4962595140447,4,3,6,NORMAL
53,5922,49,1.9072075087563358,288.7526932080861,1,88,6,C2_BEACON
36,4741,43,4.321419245860344,760.451458932187,3,1,6,NORMAL
8542,7636077,14,471.8927401534109,345456.2004827645,3,4156,6,DDOS
59,5864,36,4.790174298489214,499.39428519898934,2,5,6,NORMAL
50,6830,33,5.5334303146778145,309.02149633954974,2,5,6,NORMAL
63,6181,56,6.441805361168237,502.21184982166,2,4,6,NORMAL
202,17262,16,15.719647040189038,1667.1030809502695,97,242,6,PORT_SCAN
305,26924,29,7.078718914651138,1010.5832693555828,259,237,6,PORT_SCAN
115,14346,29,35.46601180608556,1867.8401311400098,298,254,6,PORT_SCAN
49,5216,48,7.310196132855834,406.54161145405254,2,2,6,NORMAL
364,19303,19,14.129607015108178,2804.7984412926844,182,218,6,PORT_SCAN
8549,5084412,5,828.7895890303283,308013.3316231892,1,9721,6,DDOS
536,43303,28,15.701261221279335,2061.252340059519,153,289,6,PORT_SCAN
24,3783,30,7.717324476123155,308.24143621268064,4,8,6,NORMAL
28,5230,45,2.5153786406561442,443.5138348967858,4,2,6,NORMAL
66,857,31,3.232245605980768,733.6063901011174,4,10,6,NORMAL
72,2616,120,2.9698239470887997,322.45602136718696,1,80,6,C2_BEACON
49,3035,51,6.264728167707069,473.9453224416189,2,2,6,NORMAL
24,4091,47,0.5014334784299599,257.3477170467516,2,70,6,C2_BEACON
61,2276,105,2.631526181494729,191.4333055578309,2,68,6,C2_BEACON
390,44439,11,23.45418265172258,757.3004841983076,121,233,6,PORT_SCAN
22,2152,61,0.9433959641415486,54.17327625734161,3,39,6,C2_BEACON
16,4308,46,7.5888236169703776,113.26790280053679,3,6,6,NORMAL
52,5861,10,2.1669013363467564,262.1615291163282,3,7,6,NORMAL
3058,3789790,13,775.3034154559361,1311378.537134483,5,9197,6,DDOS
27,792,17,0.6902345411333639,996.5643816687029,2,8,6,NORMAL
25,3742,55,2.3231699993235906,970.3931830070443,5,8,6,NORMAL
75,6313,11,7.27904045109391,510.42904424245734,5,9,6,NORMAL
19,5182,28,1.395506972561084,689.6594308826621,1,3,6,NORMAL
675,37029,22,22.493541322317462,2898.688209280532,110,132,6,PORT_SCAN
74,2324,40,5.324879861174389,433.1131437886367,2,2,6,NORMAL
212,12069,30,5.740327234672943,888.8549719773334,178,53,6,PORT_SCAN
48,5271,51,4.796580106658995,298.4754932746231,3,4,6,NORMAL
17,4592,59,4.751645961788374,399.30338896397114,3,2,6,NORMAL
3694,9376767,11,1378.2119496498465,645542.6266757535,4,1113,6,DDOS
73,3875,40,4.092731974701159,133.3354735060571,4,3,6,NORMAL
9702,6910589,7,1058.8002173888278,695421.5074525657,1,2966,6,DDOS
69,4086,35,1.2556915689758545,150.54019207530973,3,94,6,C2_BEACON
17,2137,22,6.126387640025403,202.88862462606852,3,5,6,NORMAL
15,4364,28,3.372346057755493,192.58043482909258,1,9,6,NORMAL
9659,831289,9,967.2721965682164,827804.3451610066,5,9004,6,DDOS
46,3951,85,0.7161138989432134,163.94013798346785,1,62,6,C2_BEACON
9856,8263873,7,317.4046283663906,670760.0315470943,2,5060,6,DDOS
16,715,54,3.477593905701271,776.7465535269159,1,2,6,NORMAL
9041,4285409,14,808.5843082467527,157938.53200706138,2,4225,6,DDOS
7706,1469887,13,1476.0564897659674,1208652.6100153055,5,5845,6,DDOS
5479,5104751,6,1146.7711651685897,1497093.7728874714,5,5278,6,DDOS
76,6138,49,5.136792620378107,461.2055117534667,2,8,6,NORMAL
56,1094,28,5.78403507221061,679.0325751588923,5,2,6,NORMAL
52,3544,21,4.891780214051778,490.57259677837186,1,8,6,NORMAL
5151,5536006,13,1301.0916856219842,735184.6954230706,3,7834,6,DDOS
3052,3325261,10,301.8942931014657,151270.1676929613,4,9600,6,DDOS
37,5278,27,0.8649359969724195,317.28852145485195,5,8,6,NORMAL
73,2840,46,1.6984145010802105,477.2245578893305,3,72,6,C2_BEACON
8687,2506281,8,915.0310432877295,884132.3455828455,3,3668,6,DDOS
57,2007,59,3.4059521569746876,500.1545748162052,2,4,6,NORMAL
348,48219,25,30.734389759266534,1014.7280859754433,69,69,6,PORT_SCAN
36,4091,56,2.684984059889715,708.1935153581256,4,8,6,NORMAL
3743,2942040,14,1430.2139754060713,1425747.8273707586,3,6770,6,DDOS
9838,6452931,9,808.9102168167292,795663.9541682124,4,2848,6,DDOS
53,7088,12,4.012485416395215,121.5343928614196,2,7,6,NORMAL
33,5575,100,2.120717278157941,383.31714667822706,2,42,6,C2_BEACON
70,7905,58,1.9551213216692738,694.3914838118378,5,8,6,NORMAL
67,7610,73,2.675398988815237,327.85730087512917,1,94,6,C2_BEACON
545,8181,19,14.859988439042533,803.8786140810084,175,167,6,PORT_SCAN
539,11098,12,38.84102153943162,1902.4906471103038,173,122,6,PORT_SCAN
5331,6286800,8,669.7024134772148,696085.2594505065,5,2435,6,DDOS
207,32898,27,7.712655537940649,818.2062088863311,53,91,6,PORT_SCAN
212,12860,19,36.110791490445344,1733.1388753476838,72,271,6,PORT_SCAN
74,3959,87,2.368182996000819,146.66576745259027,2,79,6,C2_BEACON
53,2972,25,1.5233875164311754,199.62869171600354,4,8,6,NORMAL
430,42890,9,28.91624142876351,998.766661622011,84,156,6,PORT_SCAN
78,2805,65,0.7684672736221618,157.4468344600701,2,75,6,C2_BEACON
518,32592,21,39.41367127145789,1940.029377009724,211,275,6,PORT_SCAN
36,3740,55,1.3176452088715158,167.1538317701563,1,56,6,C2_BEACON
55,7934,93,1.0019704276158479,283.20150113106746,1,80,6,C2_BEACON
595,37058,24,19.420102157091854,1087.1501011580701,124,118,6,PORT_SCAN
536,36404,6,22.845229245331502,2109.6828887547454,127,78,6,PORT_SCAN
7607,4807726,15,342.0063354189126,1470896.2304952727,5,5891,6,DDOS
295,30064,16,11.26519600049954,2369.071237657935,52,100,6,PORT_SCAN
210,22951,25,28.758053400159437,2748.053455956102,165,295,6,PORT_SCAN
77,5909,65,1.2985087441373553,213.4286067159775,1,60,6,C2_BEACON
508,9782,12,18.58780496266157,1655.6964306002587,73,139,6,PORT_SCAN
408,25154,7,11.46077799250502,2644.405491711981,161,73,6,PORT_SCAN
63,2133,46,7.134893871687238,549.5233553401407,5,1,6,NORMAL
25,6825,33,3.9304090770961726,609.8503582803964,5,3,6,NORMAL
68,3042,48,5.3331395747260695,778.1688205311203,4,4,6,NORMAL
75,3762,57,4.5727302324063945,290.6480769424865,2,5,6,NORMAL
6314,7476304,9,1464.5911640721022,591060.1016644706,4,6043,6,DDOS
51,3609,51,0.6300276750587879,157.4617677571751,2,53,6,C2_BEACON
67,7643,91,1.4261084813567797,185.1112290735216,2,60,6,C2_BEACON
26,1963,60,0.7345531546741181,151.70241006539587,2,2,6,NORMAL
547,41732,19,22.15327266103395,2472.4126393075853,225,80,6,PORT_SCAN
4563,1944410,7,1223.6653756805558,264840.1877826763,4,1357,6,DDOS
763,40755,30,8.636054890876824,1423.834648520443,206,278,6,PORT_SCAN
42,3319,6,3.588206785986432,383.5359653383505,5,4,6,NORMAL
51,3857,46,2.9151804173624587,141.443482391838,1,1,6,NORMAL
64,4665,28,0.6367290334364955,343.42276656068685,2,6,6,NORMAL
392,35936,13,36.79686912319261,751.9042497669816,97,114,6,PORT_SCAN
71,6274,28,1.3487327721120104,507.45626325645185,1,3,6,NORMAL
45,934,17,1.3450934177234561,191.75654613212907,4,8,6,NORMAL
6528,2756338,7,1158.8678275562568,756809.6437142502,1,9037,6,DDOS
7182,4020522,14,418.8109576340048,1238656.778744359,2,1601,6,DDOS
103,33463,7,22.174190316504244,2028.0429685217694,231,95,6,PORT_SCAN
3064,5193941,11,1032.481276277756,262949.6270077515,4,8310,6,DDOS
32,3923,58,1.8184153065414692,923.6530712583873,4,8,6,NORMAL
637,30599,21,7.196801983620157,2139.798118758997,140,217,6,PORT_SCAN
188,42105,19,8.08566837809353,2795.0277308106743,96,236,6,PORT_SCAN
6132,9073595,13,1190.1767066039931,779959.064363162,1,4811,6,DDOS
29,4067,16,6.0034647801004395,967.2000446761738,3,10,6,NORMAL
44,5683,74,1.3988014307053933,59.22235489585147,2,77,6,C2_BEACON
4847,7532125,9,1122.9153670605378,634884.6398749967,5,5909,6,DDOS
60,1130,24,1.7183768803602941,278.4485845890724,4,9,6,NORMAL
188,17167,15,25.690198555081132,2914.413988964769,246,93,6,PORT_SCAN
37,5756,45,4.978594696396588,70.2895819995521,3,4,6,NORMAL
292,36958,8,16.9157548792895,2534.9885447048227,244,185,6,PORT_SCAN
401,35608,28,33.31541059429243,1590.154974025796,292,152,6,PORT_SCAN
6846,5678697,12,711.4803787266964,584803.49299977,1,9481,6,DDOS
10,6701,14,5.456610453271294,480.32569926003384,3,7,6,NORMAL
9622,4415256,6,610.912738284677,471915.92884910473,1,2460,6,DDOS
42,2704,81,1.5528516375203019,237.97653173850244,3,77,6,C2_BEACON
28,3642,17,7.414011124486714,532.8288470132493,2,2,6,NORMAL
50,3890,7,4.718935455982658,260.210393400414,2,1,6,NORMAL
65,7365,48,2.4322951816283185,67.97684666726371,2,70,6,C2_BEACON
8773,5336389,11,1166.5638867671064,169259.52043956023,4,2895,6,DDOS
22,7076,51,4.021178165169188,847.7446224855006,2,6,6,NORMAL
722,48997,7,25.08819391014606,2115.675285863693,224,243,6,PORT_SCAN
8645,2384343,14,874.7774800673825,108117.3245024961,5,2914,6,DDOS
42,6622,35,2.1049010605775567,836.554118332632,3,9,6,NORMAL
491,47849,13,35.4509025955054,2085.7638531241882,191,102,6,PORT_SCAN
14,2850,58,4.0434119978587315,839.5549616355676,4,8,6,NORMAL
22,6080,54,1.5310027564977164,966.2928288641194,2,7,6,NORMAL
434,44778,30,17.610043113861252,2937.7470725800385,279,216,6,PORT_SCAN
528,40321,28,9.243483056618476,2696.1990097119733,254,63,6,PORT_SCAN
32,1808,47,7.42004779594665,101.32623361511374,3,5,6,NORMAL
21,2508,35,5.229971368332548,680.5500921785123,1,9,6,NORMAL
356,12502,6,34.638064848242124,682.2042361186527,245,145,6,PORT_SCAN
52,1080,37,2.2850347577674643,685.5288893814666,2,9,6,NORMAL
5782,935739,10,920.6554710405499,902329.3668709538,1,2682,6,DDOS
749,12599,24,33.24937815282228,2770.527173770032,178,145,6,PORT_SCAN
534,37452,10,26.915771909880466,1811.472737923141,85,241,6,PORT_SCAN
79,5170,16,3.3249467715812084,409.59259120398707,5,2,6,NORMAL
56,7065,108,2.9466812419534847,171.37812125904597,2,35,6,C2_BEACON
20,5363,72,2.4073372606937116,345.28577571751026,3,32,6,C2_BEACON
169,23357,23,17.71648930287284,723.0731038587896,95,231,6,PORT_SCAN
34,2556,92,2.0170624986985546,274.61160082210085,2,40,6,C2_BEACON
7139,2352907,14,371.93488635048357,590819.358651689,5,6807,6,DDOS
26,1962,60,1.4017520692222203,352.6742273508562,3,73,6,C2_BEACON
660,32403,17,5.324048402803285,793.9581952147072,125,234,6,PORT_SCAN
266,24899,20,15.089098380964824,2499.4626621664825,53,166,6,PORT_SCAN
344,9315,22,8.536119681902836,1066.1625393219342,208,229,6,PORT_SCAN
491,32694,11,15.290206310382015,1506.7302580297942,202,120,6,PORT_SCAN
22,4185,52,3.009924038859221,392.91392000236544,5,9,6,NORMAL
5175,1773196,8,1381.7710168577894,477050.84101688047,5,9401,6,DDOS
74,2869,19,6.618396925724876,744.9416089602173,3,10,6,NORMAL
10,2174,24,7.589930654199829,778.9820509431738,3,5,6,NORMAL
68,5252,63,0.6577944267905179,214.44001005538945,3,23,6,C2_BEACON
22,7234,38,5.575379665534217,176.08129862642096,1,8,6,NORMAL
59,2449,47,3.8013875629379834,655.6959331700137,2,10,6,NORMAL
8918,8241026,8,1250.2978660393583,503958.50856909464,2,8025,6,DDOS
373,46122,22,9.3076430316439,2562.312253648897,76,189,6,PORT_SCAN
531,39533,23,32.18073952401029,2528.230219116127,106,229,6,PORT_SCAN
582,44816,25,20.906825156215703,934.4274191828149,241,273,6,PORT_SCAN
57,2143,23,4.728550556181402,338.7138419046788,5,4,6,NORMAL
443,12430,10,21.05882477010359,1432.803716080173,191,202,6,PORT_SCAN
75,5257,90,2.655422426486678,81.66452610767803,2,53,6,C2_BEACON
64,7423,40,7.809099515942812,827.5055165636361,5,9,6,NORMAL
59,2827,21,5.928002412518463,673.735882089954,5,3,6,NORMAL
23,6777,45,4.824227442478576,690.7679355575483,4,2,6,NORMAL
59,6082,24,7.521614349804624,200.68086458523598,1,9,6,NORMAL
79,801,55,7.763210305545264,716.5525727028134,5,10,6,NORMAL
76,3562,49,1.2974167193720916,902.0332627441555,4,3,6,NORMAL
517,39404,14,29.505560153468316,2950.310852963992,106,136,6,PORT_SCAN
75,1174,11,1.7554610691012118,958.4623961497291,5,9,6,NORMAL
61,7295,95,2.8097140777362575,201.76456606767002,1,52,6,C2_BEACON
480,39038,24,13.7933777013708,1657.2004148851545,289,134,6,PORT_SCAN
71,6640,46,1.4239188500741062,486.693817474584,1,22,6,C2_BEACON
9901,4069422,12,1308.8210330336847,457901.3687815729,2,9750,6,DDOS
26,2071,31,5.486970756595786,410.18801326641466,2,10,6,NORMAL
62,985,22,7.002856928253339,170.54376018311973,2,4,6,NORMAL
55,1679,94,0.9565309434674325,419.0119793531475,3,44,6,C2_BEACON
58,3016,109,2.1713320139457526,446.8751554562151,2,93,6,C2_BEACON
299,22689,8,8.654002157772332,1406.7540728149966,249,266,6,PORT_SCAN
26,5374,50,7.535016496743206,344.1027930451629,4,6,6,NORMAL
31,5547,13,6.386369824779386,822.853372220662,1,10,6,NORMAL
414,37904,8,29.476100113016166,2122.2791932345954,166,155,6,PORT_SCAN
7166,7011503,15,1358.906504318758,1139147.5907585013,3,9168,6,DDOS
6034,3737849,10,311.23596329856593,1127559.445639576,3,6862,6,DDOS
12,6820,57,7.575109296835167,831.220585198397,5,9,6,NORMAL
12,895,49,1.3684236975447583,472.0985744986018,1,9,6,NORMAL
4523,6905029,7,964.6403118126298,111237.72593631482,3,5979,6,DDOS
38,4151,28,3.433506265081271,783.7251208393104,5,9,6,NORMAL
22,2835,44,1.0235666353321777,233.82364065868137,4,8,6,NORMAL
493,10716,8,9.566989183683335,2356.4685918732566,80,60,6,PORT_SCAN
3551,9409769,10,812.5270683444066,553608.9062966036,1,5945,6,DDOS
62,6800,31,6.675045496312929,120.06317726567707,3,2,6,NORMAL
7027,1674152,6,362.5282344314481,1488418.2248653576,2,3057,6,DDOS
27,5688,24,2.315158757530991,675.7298201057022,4,7,6,NORMAL
4630,6181296,6,1013.9529959323659,1486458.9120165936,1,4815,6,DDOS
33,3519,38,1.4073501568889557,459.16052231173967,3,77,6,C2_BEACON
8300,6602492,8,1282.9929393926782,228326.0306750452,2,8194,6,DDOS
40,2281,54,2.4159934557273983,403.61500738039445,1,98,6,C2_BEACON
60,4706,8,5.5788753274180385,297.1584530851627,2,1,6,NORMAL
374,37451,11,10.986019168052582,1008.9386989852992,213,123,6,PORT_SCAN
52,5387,98,1.4804334160890282,436.5754643960646,2,79,6,C2_BEACON
37,1425,20,5.246817244263085,358.28781324859193,2,5,6,NORMAL
6772,1781784,4,1282.6136928608908,1388944.14138198,4,6705,6,DDOS
60,6988,52,2.9075992213072257,224.80329982648203,2,40,6,C2_BEACON
80,4684,12,4.795355404589697,304.4944639232558,5,6,6,NORMAL
61,4604,84,2.468558824137912,96.63035508761314,2,94,6,C2_BEACON
337,24144,26,21.977098264975613,2491.865441762423,150,203,6,PORT_SCAN
49,6936,56,4.237968169038935,402.8272274173813,1,6,6,NORMAL
5827,9420146,11,1013.5403741778832,1281963.5233569467,4,3090,6,DDOS
623,10075,12,12.141467045267047,1925.9147340685008,262,260,6,PORT_SCAN
620,43108,27,17.041846125557228,1037.1717992953897,262,199,6,PORT_SCAN
77,7958,34,0.6151069843644548,186.9476451686001,2,2,6,NORMAL
3717,2598653,5,316.6511016261764,212273.12857772346,1,4083,6,DDOS
79,3222,66,1.9860845452829805,152.52900303060733,2,50,6,C2_BEACON
8771,9109823,11,441.6697892052296,358331.68149275286,4,1534,6,DDOS
4432,9825008,10,1152.2964081279902,1145103.4342986685,2,4264,6,DDOS
262,20184,8,28.28413399843659,1748.5847609906252,223,171,6,PORT_SCAN
523,46740,19,28.38823377551932,1804.409252993556,111,197,6,PORT_SCAN
35,3685,103,1.866462870739161,347.3108538785845,3,87,6,C2_BEACON
35,2850,86,2.1197376290620364,147.18564313217635,1,57,6,C2_BEACON
584,18717,10,5.093477498127309,1079.5775910669422,105,73,6,PORT_SCAN
73,7322,23,6.3180573470253565,268.6124714218955,3,4,6,NORMAL
67,2652,27,6.966497191231432,132.63385569390954,1,4,6,NORMAL
9169,4282209,8,723.254003208277,437668.8858879406,4,5540,6,DDOS
8308,5339473,15,328.431998750657,1278055.5260380062,3,6615,6,DDOS
350,15101,26,24.43718809335227,2439.0213000449876,51,172,6,PORT_SCAN
35,4496,30,5.391863292343766,236.29433537355973,5,9,6,NORMAL
80,3433,9,6.38023586427876,351.96605510358,2,3,6,NORMAL
31,5711,10,6.662463540712324,686.5233425583508,3,8,6,NORMAL
5083,1438272,10,940.1639644030181,1064445.7059028058,1,6185,6,DDOS
43,1445,11,6.06812512985749,197.67551428624094,3,10,6,NORMAL
65,1073,47,7.405781421635302,641.9976394490888,1,5,6,NORMAL
40,3837,86,0.8794465672587519,434.4601950359122,2,46,6,C2_BEACON
7604,3680079,12,548.5431784480277,835468.8474747738,4,2979,6,DDOS
66,5341,56,1.1150177906632293,370.6654376233688,3,44,6,C2_BEACON
77,564,47,6.628281013365962,334.409814589979,1,3,6,NORMAL
3069,5524342,7,1286.7706270214826,1185535.9684334798,4,7647,6,DDOS
420,37362,24,6.647546989965901,1246.1095358516448,166,176,6,PORT_SCAN
77,856,21,1.777397352835725,319.81286399559116,5,5,6,NORMAL
72,2022,99,2.3572793269536585,254.46534357335022,1,63,6,C2_BEACON
64,1440,39,2.1860708769951787,191.53993102156275,3,3,6,NORMAL
66,5593,22,7.088566530481052,138.30374966555118,3,3,6,NORMAL
315,33215,21,14.738967941178554,2698.959358324809,130,75,6,PORT_SCAN
51,1106,69,2.0787715121843364,202.3612289406848,2,99,6,C2_BEACON
375,28827,13,38.004956150694625,2278.9639982967487,113,131,6,PORT_SCAN
25,1142,48,7.668347630468611,518.0316201086016,1,9,6,NORMAL
43,4822,60,5.049454381119717,966.1447607070825,5,4,6,NORMAL
62,3227,54,1.0870462523712814,251.59510720267343,1,25,6,C2_BEACON
223,39067,8,13.652213008331342,759.0175620045959,56,263,6,PORT_SCAN
647,12614,5,27.7025925156561,2081.7071982689113,298,144,6,PORT_SCAN
705,19191,29,5.957079842187861,2314.465705849965,209,161,6,PORT_SCAN
637,19031,26,36.25756862819681,960.1957244900817,63,73,6,PORT_SCAN
5664,1565324,14,1390.6566279728158,1203075.9992405104,2,7640,6,DDOS
57,4504,43,3.8457757445564686,962.4943593662733,4,10,6,NORMAL
17,5626,21,7.090079556433703,895.8819817748234,1,9,6,NORMAL
61,7415,52,1.220607480927157,261.6117635660413,2,41,6,C2_BEACON
3523,9205716,12,946.7781428731898,1237300.0275015694,1,4399,6,DDOS
34,922,22,3.3287598122100484,624.720974063694,1,2,6,NORMAL
241,47857,12,18.41148238370632,1873.3481522109787,187,186,6,PORT_SCAN
55,5435,81,2.7219817438172322,259.9790963005066,3,86,6,C2_BEACON
36,5454,41,0.7074117072930468,375.9253857566679,3,100,6,C2_BEACON
483,35846,14,26.767072909254647,900.7820481118172,61,124,6,PORT_SCAN
357,30586,27,17.526681813436362,2681.1063377461082,90,297,6,PORT_SCAN
31,4511,23,1.552224013233478,348.85101392780206,4,10,6,NORMAL
23,6873,40,1.4672523722128001,331.4532830432062,1,80,6,C2_BEACON
53,2909,33,6.535976231100326,181.27100536307833,5,9,6,NORMAL
32,1764,41,2.2791639193514244,461.61378655299444,3,71,6,C2_BEACON
58,832,32,2.5933418473190786,301.0276155439258,2,10,6,NORMAL
69,6803,23,6.335930279374445,527.7613569132,4,3,6,NORMAL
56,3679,35,7.384264580233587,887.4743822523623,1,6,6,NORMAL
48,3826,40,6.752938769780431,338.6812018049361,2,7,6,NORMAL
53,7809,35,0.9701972556631984,90.13437396439849,3,93,6,C2_BEACON
67,1953,48,1.0585174553269465,964.3514865272147,5,2,6,NORMAL
25,6172,92,1.9033143405792712,205.3846365764096,1,87,6,C2_BEACON
49,2340,56,1.9934744954493249,73.20411834048502,2,8,6,NORMAL
3361,2645327,10,1346.015470981939,1260465.8548343997,3,8046,6,DDOS
63,5537,54,7.521784477890838,894.5892748599015,2,4,6,NORMAL
77,1162,92,2.866510195131632,305.052352731846,2,30,6,C2_BEACON
77,3061,111,1.7695588791524928,238.8404116044962,2,65,6,C2_BEACON
4654,5425168,13,897.4788530789347,781952.3962543505,5,6629,6,DDOS
8566,3322312,3,415.25727828369,1462530.201950072,2,1859,6,DDOS
41,2620,32,1.7433060890479366,121.24235247511385,3,55,6,C2_BEACON
38,1940,56,7.684745317096548,542.0598629215538,1,9,6,NORMAL
74,5849,36,3.5685076127590607,517.1395860228606,4,8,6,NORMAL
44,5548,50,1.9846126631673289,391.30770520373545,1,55,6,C2_BEACON
3883,8445295,6,1450.5631894540961,1257150.393194911,3,9514,6,DDOS
28,2402,34,5.284284732526764,486.59197421789446,1,8,6,NORMAL
194,43575,5,12.949406016299811,2368.6892232404844,277,256,6,PORT_SCAN
8211,6277952,5,622.8256054109042,353812.05453369353,4,6047,6,DDOS
50,6841,86,2.1831967848330667,119.49857946246802,3,36,6,C2_BEACON
56,5600,53,4.238698267866415,469.9389079361484,1,4,6,NORMAL
40,4457,77,2.153004570775125,310.71585179406884,1,69,6,C2_BEACON
706,44634,13,38.83306110840652,2343.1638157244133,207,221,6,PORT_SCAN
589,48336,20,39.17223084583101,1304.7784077496076,237,173,6,PORT_SCAN
69,7298,46,3.8877356587224154,736.5144519181914,1,3,6,NORMAL
780,31422,18,34.32008358367,2174.102937085245,66,99,6,PORT_SCAN
72,2557,59,0.88099170246898,652.5702249437345,3,1,6,NORMAL
307,11532,13,38.92418360681664,1940.502954114235,146,124,6,PORT_SCAN
35,6444,42,4.153928076003114,364.3083850985872,2,4,6,NORMAL
800,20499,6,28.740861147971835,1355.3524954182103,299,202,6,PORT_SCAN
68,1097,49,0.9493477470100173,467.6252249243904,4,8,6,NORMAL
63,6857,118,1.495511343419678,291.3170384533519,2,92,6,C2_BEACON
8191,6543247,3,1463.51709193788,1116928.8957268859,4,4826,6,DDOS
243,13124,23,22.08906483937608,1408.6802761816093,123,152,6,PORT_SCAN
38,1832,33,1.0528204217103063,853.4743598233323,3,1,6,NORMAL
24,2371,52,4.316186636829851,91.83601189966906,1,4,6,NORMAL
5071,5570402,11,1461.2201172101616,1004804.7869327945,4,6045,6,DDOS
409,37792,29,9.105377371810757,1900.362837933873,146,248,6,PORT_SCAN
61,1571,53,3.2790514853771846,583.5686549609508,3,4,6,NORMAL
465,37625,5,13.552873173471143,2352.5310735368366,299,160,6,PORT_SCAN
3839,4155356,5,904.0594716767682,1255781.654441389,5,9612,6,DDOS
5994,6647725,5,1077.8071900498012,1072066.8058630717,5,4354,6,DDOS
70,1391,71,1.6455114316028434,495.93906056630084,2,40,6,C2_BEACON
26,7944,96,0.7273836855499556,344.661860870189,3,92,6,C2_BEACON
38,7302,31,5.006290358084001,804.8852667474287,2,10,6,NORMAL
49,4023,60,0.9380274838240608,471.71339929667585,1,61,6,C2_BEACON
35,5351,39,1.8494540945652478,779.2370123609468,1,8,6,NORMAL
21,5634,85,2.9891361600176247,481.90471661757823,2,88,6,C2_BEACON
45,2788,57,2.98032726553516,306.83525711452245,1,40,6,C2_BEACON
80,3928,114,1.5075020233275078,364.01833160893904,2,63,6,C2_BEACON
23,5666,49,3.1944584112523238,130.61936043913246,4,4,6,NORMAL
786,5390,19,33.26183592308196,2687.2771814094535,167,264,6,PORT_SCAN
465,40613,20,15.339602704187206,1047.3263210126647,296,275,6,PORT_SCAN
60,2584,57,0.5226160369331654,257.0062432393112,1,1,6,NORMAL
203,47983,17,33.12425898940896,530.5612228975402,131,82,6,PORT_SCAN
41,3638,32,1.7475803775258236,327.0370254259951,2,97,6,C2_BEACON
20,1420,52,0.9090351002131567,951.4938692744994,2,5,6,NORMAL
3188,8544647,7,1132.4710227134165,187102.19526140674,5,3967,6,DDOS
80,2864,9,3.397616187348339,477.8366616083972,5,5,6,NORMAL
592,7282,13,38.54794609118698,1554.3422248124696,91,151,6,PORT_SCAN
58,7548,93,0.5398888368506392,450.9714641842636,2,41,6,C2_BEACON
31,4182,34,2.8552496585908838,164.6999002183103,3,4,6,NORMAL
66,3386,25,4.625610067963394,997.0077984662458,3,7,6,NORMAL
65,6380,27,7.9271694248144,603.5906289347505,5,9,6,NORMAL
7047,9883179,14,856.1422010468265,88918.02130094427,1,3523,6,DDOS
760,30939,5,37.886588335875665,2455.4901351022827,179,122,6,PORT_SCAN
65,5446,100,1.3028562218782396,409.11378829338173,3,86,6,C2_BEACON
29,4102,9,4.0169081264478,649.8158640241579,3,10,6,NORMAL
23,3051,40,1.8131346727164477,164.81539833467733,1,57,6,C2_BEACON
624,14984,11,35.34059902855137,786.9711424889484,105,57,6,PORT_SCAN
23,4564,14,2.9837631962453943,123.91630654108619,3,6,6,NORMAL
5000,9360239,13,1031.0323301764365,930691.6423182595,2,9577,6,DDOS
49,4201,107,2.3846466050531205,464.36852791351834,2,91,6,C2_BEACON
284,12100,17,31.887582765214173,998.677499620625,134,66,6,PORT_SCAN
39,2337,51,7.886596433699453,250.63071770498743,1,10,6,NORMAL
59,7912,54,4.8805956065316884,710.7468371730697,5,7,6,NORMAL
26,3549,75,0.9435273764145178,243.66240051075098,2,83,6,C2_BEACON
75,4975,112,0.9228021925460967,286.35659193190645,1,81,6,C2_BEACON
274,7407,23,18.498824204874392,1844.8719599975514,103,229,6,PORT_SCAN
272,6792,24,36.588945585422785,2899.6417576567164,188,187,6,PORT_SCAN
45,3995,31,1.585953168410344,417.8321584895061,1,39,6,C2_BEACON
21,7844,11,1.5500985618184677,166.9993613667429,4,6,6,NORMAL
55,6257,34,2.5318732023214725,288.83349239089443,1,4,6,NORMAL
544,27735,25,33.38179129265711,2490.678502036054,103,137,6,PORT_SCAN
51,2440,24,7.0719374163035535,986.4107826888695,5,4,6,NORMAL
65,2749,45,7.850204593957093,950.509159672932,1,7,6,NORMAL
202,39522,9,30.43676187295874,2519.9818166305968,204,75,6,PORT_SCAN
10,894,29,3.786651059943316,448.67056772594697,2,7,6,NORMAL
37,4805,113,2.517028461893627,462.69984471549975,2,88,6,C2_BEACON
36,3286,43,1.5775151837197594,868.41082299087,3,6,6,NORMAL
71,3208,20,0.5205349929304453,688.0514758419446,1,10,6,NORMAL
371,10004,30,5.07625676810733,2832.7373709166313,88,249,6,PORT_SCAN
28,3353,24,3.073000106327196,795.0564976522621,5,8,6,NORMAL
65,6479,59,2.289780411379744,282.2557660333972,4,2,6,NORMAL
10,6261,40,6.655649627299768,391.28239903012957,3,1,6,NORMAL
59,7253,108,1.826470276998684,332.63852889956877,1,32,6,C2_BEACON
44,7564,98,2.1342557915361766,71.92169512765062,3,35,6,C2_BEACON
22,1329,51,2.232635024841561,416.0645338146939,2,9,6,NORMAL
56,4219,5,6.319384305068817,530.6598462916269,2,1,6,NORMAL
72,7415,52,1.8348833122129975,400.57669250772676,3,67,6,C2_BEACON
61,7443,13,6.893788845884687,109.29003060431582,5,1,6,NORMAL
21,1038,24,3.486199855781814,731.0869185844524,4,9,6,NORMAL
703,39659,24,18.00572997584065,2125.620858295764,103,199,6,PORT_SCAN
47,4356,13,1.4151742250445913,866.4375440083265,3,9,6,NORMAL
6487,9410743,9,875.1232070599482,1207125.395984557,1,8412,6,DDOS
11,6072,51,1.3591380723776498,890.5490276226535,3,6,6,NORMAL
9918,4423148,8,659.0419317889406,1017037.4422367245,5,3293,6,DDOS
40,6995,77,1.871126769798399,227.73223359439118,3,70,6,C2_BEACON
619,12068,18,19.906298012230806,1173.402453846893,197,152,6,PORT_SCAN
236,22723,30,6.8031990340684265,2950.0591540524374,260,103,6,PORT_SCAN
646,38200,12,18.38429175766139,2982.884889413321,236,150,6,PORT_SCAN
50,5037,103,0.9907177412106278,148.69000823520358,1,38,6,C2_BEACON
509,37889,28,37.32464377556936,2607.6572840221097,149,83,6,PORT_SCAN
534,36541,27,39.0497102922801,2004.357788590744,212,135,6,PORT_SCAN
67,6079,41,5.322438730036746,987.2053503490663,3,6,6,NORMAL
54,5937,48,5.310533396054614,191.22172964424905,5,10,6,NORMAL
6941,5695935,12,842.8493133212979,539843.7092673522,4,8786,6,DDOS
29,5466,37,1.548357393292664,934.8002987534904,3,3,6,NORMAL
667,18075,14,15.674863368242436,1243.3353656281733,287,210,6,PORT_SCAN
58,3337,115,2.643397572223566,161.83330032939728,3,33,6,C2_BEACON
56,3137,68,2.0389536789439537,292.6209325671914,1,26,6,C2_BEACON
37,1748,54,2.3333431301767447,462.86007559784514,1,86,6,C2_BEACON
9944,1590992,15,453.0429488003453,1382717.8922553456,4,1897,6,DDOS
57,4573,38,2.8829100280215703,127.1035314347731,3,77,6,C2_BEACON
48,3212,10,0.8677352206159928,446.1090776625903,2,3,6,NORMAL
73,3870,39,1.0657626681655148,477.0725386164936,1,71,6,C2_BEACON
3445,7812602,5,559.3981945027749,933678.6475758012,2,7346,6,DDOS
6372,6251103,13,1075.261471749762,523144.2999460933,5,9686,6,DDOS
353,45475,9,30.523700027863637,967.1505885099391,121,246,6,PORT_SCAN
4176,3986033,7,869.5357560072757,1307912.438822437,3,2083,6,DDOS
327,9872,15,10.485451688968435,1338.3429101874685,166,211,6,PORT_SCAN
6142,8051685,8,1323.449147132068,691706.4120359834,1,1538,6,DDOS
67,7775,19,3.603601783826851,836.0482635410425,4,7,6,NORMAL
22,2423,39,1.517480365297524,480.96156904444797,5,7,6,NORMAL
43,5563,14,1.1323344998899472,935.010101208074,4,5,6,NORMAL
3173,2581317,7,583.6755907945033,671321.9135851138,2,2300,6,DDOS
604,39896,22,33.74914693127578,1461.5681336003863,198,233,6,PORT_SCAN
506,20211,19,17.943756928207137,1907.8831692961685,214,129,6,PORT_SCAN
52,6400,12,4.111374870421146,504.87391058407803,2,10,6,NORMAL
42,711,10,2.2169331179137024,690.5834488135627,5,10,6,NORMAL
72,1244,37,3.8411201914041535,102.85401553482322,2,9,6,NORMAL
40,1233,33,1.3289551181438728,449.9692027399394,1,38,6,C2_BEACON
58,3674,31,7.675264775088701,977.03158595332,3,9,6,NORMAL
6543,7326244,7,446.06123578703523,801528.1403552797,4,6922,6,DDOS
70,2675,46,6.371779935735661,787.3539239134685,5,4,6,NORMAL
73,7424,32,5.336804314574765,364.7070861426278,1,9,6,NORMAL
9166,8095349,7,595.1139419878455,1475381.8233786183,3,4450,6,DDOS
74,3632,59,0.906058940937146,335.8836161063476,3,57,6,C2_BEACON
6966,984969,9,1060.2495542205015,1374915.8925185057,1,5409,6,DDOS
22,6117,28,4.583493961116087,978.9504029794444,3,1,6,NORMAL
32,7166,48,5.79491270709485,332.5725929643843,5,10,6,NORMAL
14,2131,34,6.014920844007058,139.26228877218188,2,8,6,NORMAL
155,10548,6,14.456119567500798,2965.43380711004,77,135,6,PORT_SCAN
9631,9568571,11,321.20447116417125,1157749.1145269412,4,2951,6,DDOS
75,5613,85,1.8973609907952402,366.32612064359654,1,26,6,C2_BEACON
12,1927,21,0.8929926339588239,754.632154106442,5,2,6,NORMAL
614,14842,5,25.551142825651358,1455.2793293623818,200,272,6,PORT_SCAN
798,38904,8,21.272294582560754,706.6011791357187,225,237,6,PORT_SCAN
75,5988,77,1.9346612576983395,175.6746736025985,1,78,6,C2_BEACON
30,5601,100,2.071706225528711,364.9381763673302,2,51,6,C2_BEACON
7203,6501942,7,1000.3991057147554,834658.3740746134,2,3415,6,DDOS
11,7313,9,0.5897105826762743,142.8138215020377,1,8,6,NORMAL
789,20830,5,36.50655386460622,1536.3916500038395,53,56,6,PORT_SCAN
36,4840,20,3.6486188150213397,963.1258078433597,2,5,6,NORMAL
60,2722,33,6.357305276923243,941.8313432112827,5,9,6,NORMAL
41,5169,45,7.6062750841806395,580.5023060123223,5,7,6,NORMAL
69,2276,112,1.5046912091797056,401.8365104524535,1,39,6,C2_BEACON
8275,6258373,9,1392.200550890947,1127303.338551548,4,8159,6,DDOS
451,27726,20,39.822061706261145,1999.9821697637956,51,90,6,PORT_SCAN
679,8984,30,39.03658996733365,975.47729202947,258,151,6,PORT_SCAN
71,2761,109,1.7573585554976603,435.38154902520296,1,29,6,C2_BEACON
63,5466,43,6.430556223825645,264.4027802117829,5,7,6,NORMAL
329,6572,12,19.94974016017025,868.4412753825989,217,123,6,PORT_SCAN
33,6789,13,3.7446371486148116,915.1766573995429,1,2,6,NORMAL
30,3644,32,0.7787015063648995,311.83107599420407,3,91,6,C2_BEACON
74,1575,65,0.7686540698351467,290.8501865028324,1,32,6,C2_BEACON
253,43746,5,8.718123632046098,1028.6991187936478,130,180,6,PORT_SCAN
57,6685,42,4.5996135252593096,623.2176284242095,2,5,6,NORMAL
31,6021,7,3.1980499870659758,672.2681634148427,2,2,6,NORMAL
78,5814,27,2.8131671321519622,391.6623870817997,4,8,6,NORMAL
4168,7978135,4,1289.4991493156872,927030.4692608896,2,9615,6,DDOS
61,1678,44,5.064914480642202,708.9781905087374,1,7,6,NORMAL
6348,7894229,13,1395.5656852521429,208333.39884225183,2,2307,6,DDOS
70,1535,40,0.55366517247015,464.0773049593878,1,62,6,C2_BEACON
632,12961,10,11.907866413265793,2674.372933281889,79,59,6,PORT_SCAN
58,3939,34,3.0567198632699957,401.5504378531537,3,10,6,NORMAL
73,4072,33,1.609881156450748,384.77407048929217,3,46,6,C2_BEACON
17,5494,52,1.2442518108109117,774.6002491369732,2,5,6,NORMAL
76,7831,23,6.844502796168992,288.07504353289914,5,5,6,NORMAL
29,4737,53,2.302265582588708,103.93594067661707,5,7,6,NORMAL
8221,9037891,7,726.4694579333692,748028.9895139887,5,8284,6,DDOS
21,4112,34,2.9069206507401244,391.5722635212834,1,80,6,C2_BEACON
80,4941,23,7.184987617654167,858.7939482154695,2,6,6,NORMAL
24,6198,16,2.4000180416499424,493.6077984232749,1,8,6,NORMAL
144,13662,12,31.954116917594106,1169.1411909206881,290,210,6,PORT_SCAN
52,5797,10,7.416695783834167,854.7767166236313,1,9,6,NORMAL
8278,1208541,14,883.0103586515821,78867.67521667879,1,6143,6,DDOS
31,734,7,5.476618514778534,867.3503765427229,3,8,6,NORMAL
64,6056,61,2.796937831222478,456.6112151422579,3,87,6,C2_BEACON
451,45132,8,20.17108680931219,1637.569184725404,297,252,6,PORT_SCAN
740,12229,24,26.376299012742532,823.0383359819875,188,55,6,PORT_SCAN
15,7260,60,0.7128011592415822,93.18871312677487,5,5,6,NORMAL
79,4837,108,2.1254349982915395,135.8993555483096,1,75,6,C2_BEACON
7189,5179008,5,1221.599466693116,206653.16862743784,3,9017,6,DDOS
39,6304,23,7.844432446745528,51.50187136453964,1,8,6,NORMAL
23,7049,60,4.526667579279831,397.503377941889,2,8,6,NORMAL
412,41239,11,9.296181746077902,2312.2768926691206,251,86,6,PORT_SCAN
39,3138,56,0.8601490016300859,61.37766251690353,3,73,6,C2_BEACON
133,20750,13,7.976377414041832,1925.3069379329086,61,194,6,PORT_SCAN
23,656,23,7.005578321408609,666.9405875146169,2,7,6,NORMAL
75,1447,29,7.2462854968339965,230.57483577718125,1,7,6,NORMAL
742,22054,22,10.566860908303486,1306.0115800008657,73,73,6,PORT_SCAN
737,36244,28,15.686346589324904,2766.66941657543,111,93,6,PORT_SCAN
8395,2468404,5,1334.4041311660642,1058063.0400099563,1,8327,6,DDOS
393,27831,8,14.488264747472122,1748.1269549900983,144,288,6,PORT_SCAN
52,1167,42,5.477090795045441,920.9091323042642,3,7,6,NORMAL
526,14811,29,11.384857903732101,2358.894846217938,241,185,6,PORT_SCAN
671,36059,9,37.23164352666937,648.9434747279047,139,142,6,PORT_SCAN
8605,5540020,6,927.7104684209686,478448.3691631015,1,2253,6,DDOS
25,6541,59,2.0549812726433023,634.5425944703643,4,7,6,NORMAL
9026,4640479,6,873.2706698880276,1386129.3932723498,3,1462,6,DDOS
76,625,52,5.777164433260476,923.2185500536677,5,5,6,NORMAL
50,3878,27,4.373781629036287,59.23703212870368,3,4,6,NORMAL
4054,2888393,14,571.8893168040661,231749.06264446263,2,2287,6,DDOS
19,7201,47,0.8638579564730917,56.06463321873995,2,4,6,NORMAL
53,3955,45,5.092326036000861,434.53408409994637,1,2,6,NORMAL
50,1895,44,1.071612697803066,424.8926302390451,1,30,6,C2_BEACON
482,46464,7,20.72911844293562,2723.62421515882,295,180,6,PORT_SCAN
46,4896,5,6.853792740451009,459.3813808801635,3,6,6,NORMAL
42,6818,39,5.173510829839127,614.227864481108,1,2,6,NORMAL
794,31289,14,6.404513895338761,2822.4738403676583,109,245,6,PORT_SCAN
11,7459,31,6.667481885675436,150.26192711179866,3,8,6,NORMAL
7838,6804414,4,307.9426414620337,976268.6995856107,3,7791,6,DDOS
757,39613,20,11.654791527495544,1018.686949654856,261,171,6,PORT_SCAN
3755,1543436,9,1366.21115621981,740566.9537293715,4,2279,6,DDOS
11,2672,18,2.371556473514591,114.40504106102209,3,2,6,NORMAL
494,36095,16,15.91166413838215,1804.964261445625,185,70,6,PORT_SCAN
318,25983,23,6.096313890616414,2002.6935334169402,147,65,6,PORT_SCAN
5487,4437929,6,968.1966130171656,1498928.7732265096,3,5273,6,DDOS
59,3929,43,7.369326812728244,774.255923448703,3,7,6,NORMAL
43,3986,60,1.3003868077019063,210.6833773454144,3,37,6,C2_BEACON
18,4401,33,6.33512779485652,537.5760597287322,1,8,6,NORMAL
704,21897,11,23.02137004918775,2036.3002890279283,273,166,6,PORT_SCAN
68,4699,35,4.804739762124487,364.9382896718777,3,5,6,NORMAL
325,34067,27,15.595162011310043,1417.334086824365,191,124,6,PORT_SCAN
282,48231,23,27.0924690457651,2637.0223170416516,80,299,6,PORT_SCAN
681,40820,7,16.924895916027218,2205.9030147265103,295,283,6,PORT_SCAN
13,7838,56,6.3390371099635585,105.6616687642126,4,9,6,NORMAL
34,4793,48,4.231618696771605,573.8944168867538,5,5,6,NORMAL
7470,7609870,10,1119.286137041569,1446807.2429501559,2,6947,6,DDOS
4603,3095845,6,305.01666080505487,1299399.9345303678,3,9051,6,DDOS
35,7191,81,1.2571440157523743,144.15981094453554,3,32,6,C2_BEACON
39,4241,23,2.4809376707828057,97.57618602229995,2,1,6,NORMAL
4057,3407342,6,487.57691328897175,763669.3156980752,4,9089,6,DDOS
78,3613,25,5.2009938425599085,893.066748763857,4,9,6,NORMAL
144,44616,9,11.232372187092857,1826.2016016029577,203,96,6,PORT_SCAN
55,1151,49,6.348696873147164,177.38229615396523,5,8,6,NORMAL
6893,6669641,7,325.28905253467775,1451867.4810423155,5,1570,6,DDOS
26,2161,5,5.169202459905062,290.4554263621373,4,8,6,NORMAL
79,5239,85,0.9507880833595856,249.34115380589608,3,46,6,C2_BEACON
17,2473,41,7.602120839734956,131.37077946448483,4,2,6,NORMAL
46,6050,39,1.684817165538402,469.64329442362373,3,10,6,NORMAL
51,2532,5,2.455889577990829,273.74519016145723,3,6,6,NORMAL
6450,4973122,3,1135.150171545445,902584.3887198182,3,7188,6,DDOS
69,3300,120,1.2039215177087268,265.62703133534177,2,23,6,C2_BEACON
563,37156,28,17.277336602231554,1864.2876829456445,219,174,6,PORT_SCAN
20,3862,119,0.7015685957220048,446.74113031963407,3,41,6,C2_BEACON
58,6414,103,0.8431683493652957,201.68386542010649,3,82,6,C2_BEACON
64,7121,5,4.420474896569017,74.00853419174848,2,1,6,NORMAL
9944,8524252,13,1294.42476525043,767787.0115091495,4,1963,6,DDOS
74,6848,44,7.40390712422908,879.1768234667044,1,3,6,NORMAL
18,1326,43,0.751822068157106,617.895651894975,1,4,6,NORMAL
32,1869,18,6.563455409895223,169.87669870661276,4,2,6,NORMAL
656,42065,14,6.873760904645405,2612.7683556202674,82,153,6,PORT_SCAN
7586,7817096,9,1076.3064614443983,103655.41534786095,2,5468,6,DDOS
52,6019,12,7.849235233843714,604.517034756347,1,10,6,NORMAL
36,6782,41,3.6244008774743466,657.041632598427,4,9,6,NORMAL
23,6265,38,5.251752363311899,309.82054951137786,3,10,6,NORMAL
54,2297,51,2.6247276432009095,233.42555487408993,1,10,6,NORMAL
62,1376,21,5.081388246040128,228.16623050502318,4,4,6,NORMAL
491,30209,19,6.554544254062291,1014.325301709156,97,218,6,PORT_SCAN
32,7955,42,6.042254251491405,676.1978583359755,3,3,6,NORMAL
5227,8572704,4,1441.2158307959603,571393.8063193447,4,3748,6,DDOS
73,5374,56,5.1172139544359885,109.9546061026368,2,7,6,NORMAL
57,5033,15,3.7899590904067044,929.3917540675886,1,3,6,NORMAL
232,49216,8,16.596136571876926,2741.2779506566253,178,75,6,PORT_SCAN
11,2407,10,1.6301277027311643,518.9005755359581,3,7,6,NORMAL
4436,5834600,13,878.5564547852887,535902.5662808921,5,8354,6,DDOS
52,2212,52,4.535040934302396,243.61128523277492,5,5,6,NORMAL
9858,4172603,10,1115.977106593113,263766.76911208656,3,3389,6,DDOS
59,4363,42,0.5257348769125301,107.77286974372771,3,23,6,C2_BEACON
37,5869,36,3.467239257954982,918.8202102535163,4,3,6,NORMAL
6353,8196599,11,1253.5288156467554,574572.8359999013,1,8251,6,DDOS
6414,5337546,14,817.1395108458482,305781.8814608791,2,3200,6,DDOS
59,3406,58,7.936564407044327,215.02642979692922,2,10,6,NORMAL
19,4178,43,4.094260248294697,430.76484246290494,5,7,6,NORMAL
64,3816,54,0.8136970628758862,748.5651909046776,4,6,6,NORMAL
50,1918,34,7.340931206930078,375.21066679775385,3,5,6,NORMAL
625,49045,29,7.593097647565176,2219.843937359935,278,286,6,PORT_SCAN
4523,4579421,5,1256.4307008153569,137712.21514893387,3,8140,6,DDOS
4568,2009387,12,1050.2838698313699,1222201.0168494568,2,4838,6,DDOS
42,7442,107,1.943679700016153,426.9324815810061,2,52,6,C2_BEACON
64,2269,100,2.5571148784733135,416.46386826980523,2,40,6,C2_BEACON
58,5027,35,0.9208620434672428,58.97766402142409,2,2,6,NORMAL
5734,632108,4,1056.4918564048069,1083984.5812029578,4,9121,6,DDOS
103,34527,9,27.200256852258015,2097.290988442628,198,74,6,PORT_SCAN
139,32404,27,14.207583490522484,1450.7255746242845,199,110,6,PORT_SCAN
249,32938,5,26.576357535924927,727.3385760253316,63,147,6,PORT_SCAN
3855,1380075,11,511.0651298586631,1188963.4262185139,4,9436,6,DDOS
72,2870,77,2.793959238338979,230.88143035874182,1,38,6,C2_BEACON
20,6456,32,1.091952545416009,622.3306338887159,2,9,6,NORMAL
4347,6023472,7,375.41294955606475,956677.3164291146,1,8863,6,DDOS
27,6947,104,2.86085276440377,118.33079079258432,2,38,6,C2_BEACON
653,26687,5,12.840742869276351,2851.543796991864,286,262,6,PORT_SCAN
29,3325,6,4.1207831336864835,330.6606094924856,1,2,6,NORMAL
5976,7814717,6,896.3420537302869,1278634.4365213476,1,9779,6,DDOS
40,7457,19,2.7555231409636085,722.1979576135736,4,1,6,NORMAL
7836,2279557,8,484.53056242055743,167541.69328017603,4,8439,6,DDOS
39,7598,11,3.350946687793746,480.7397872500137,3,3,6,NORMAL
29,6118,104,0.9168357630123409,208.2318701163053,2,73,6,C2_BEACON
46,1498,41,5.5746668433690925,410.7094761056634,4,6,6,NORMAL
60,5550,52,6.819514455230962,614.0384228494374,5,9,6,NORMAL
20,6005,13,2.8488930864927346,276.64409011685103,1,3,6,NORMAL
45,5053,5,4.374704387862007,231.5036023507439,2,7,6,NORMAL
68,7484,44,2.3049855375467514,214.9090277835866,3,63,6,C2_BEACON
20,1786,20,1.8036016124482586,121.31162545610952,1,7,6,NORMAL
22,5376,46,2.7529494038245597,744.2498938584633,5,7,6,NORMAL
403,11721,21,36.025990391350675,1538.2116798653271,50,283,6,PORT_SCAN
76,4030,38,0.9430886755686886,330.81399451976296,3,70,6,C2_BEACON
8809,8697714,13,1126.187274171536,1059860.3474622346,4,7947,6,DDOS
548,49489,14,12.892378881884706,2355.384766349375,161,258,6,PORT_SCAN
44,1294,118,2.179759794292668,363.58524127910937,2,66,6,C2_BEACON
46,4345,35,3.803515986020077,225.14548687057763,1,5,6,NORMAL
148,16911,6,5.018757483546226,2151.076893224468,132,104,6,PORT_SCAN
26,943,38,6.494524383349858,504.4040727814413,5,1,6,NORMAL
795,32868,9,36.2591143202377,2217.901794269006,209,259,6,PORT_SCAN
47,6010,45,1.9977895492581292,288.3365241948791,2,67,6,C2_BEACON
16,1565,6,4.030516842564143,691.7211409504205,1,7,6,NORMAL
6462,8813242,9,504.58075737908797,1456106.1852737411,3,5092,6,DDOS
28,2941,48,7.152335892291865,967.0971237515379,3,1,6,NORMAL
60,4774,110,2.6835035892371204,403.7592347653369,1,98,6,C2_BEACON
29,5976,67,2.647869065110137,165.78759242998842,1,23,6,C2_BEACON
257,29537,21,33.70120365875654,1999.8641855543656,135,93,6,PORT_SCAN
28,7231,48,2.316474201059184,593.9417578339197,1,4,6,NORMAL
77,2061,6,5.575611062578325,645.3525822380415,2,4,6,NORMAL
64,3076,55,1.5487264160692527,313.1192740976031,1,4,6,NORMAL
493,47863,10,19.899896199078597,1212.410310489909,149,222,6,PORT_SCAN
77,7539,53,6.341523629394566,491.6895109497165,1,9,6,NORMAL
656,10162,23,18.384169719257542,2355.8490599350844,83,166,6,PORT_SCAN
45,2743,49,1.840574957567266,461.84029826861547,3,99,6,C2_BEACON
24,3895,14,1.6114980597008346,608.5374266173186,1,2,6,NORMAL
72,737,29,3.0209715777378685,695.1847907769322,4,3,6,NORMAL
31,6703,37,1.5527801949281492,201.26129701873595,5,10,6,NORMAL
331,11016,13,31.817069391669303,2278.453441016269,140,192,6,PORT_SCAN
47,6640,105,2.0505793109654586,207.9747146152335,3,82,6,C2_BEACON
380,31546,7,15.441788104043573,2280.5167557936334,273,157,6,PORT_SCAN
5132,3349886,11,891.407793137374,541806.2670003644,4,3161,6,DDOS
64,5233,92,0.9347966965709205,253.2766694726442,1,25,6,C2_BEACON
8450,1202283,4,553.2820301264632,1198090.4781112806,4,9520,6,DDOS
33,3828,42,2.6802427374419024,460.67658342124537,3,67,6,C2_BEACON
17,1738,53,5.723532132849197,141.86748997436422,3,9,6,NORMAL
694,24841,6,27.57881457183347,2733.0524336023523,208,163,6,PORT_SCAN
55,1484,117,1.4328674542808966,125.83090030236544,3,21,6,C2_BEACON
19,2160,13,6.349527368516472,605.4726340139224,2,2,6,NORMAL
60,7996,20,4.640594694108609,786.7381879605817,4,8,6,NORMAL
27,6609,38,1.5248104206853976,290.4231947500841,3,41,6,C2_BEACON
267,25144,15,21.761793422758327,1109.522146282261,189,227,6,PORT_SCAN
72,2139,12,1.5179631329789542,120.3494372177165,2,8,6,NORMAL
76,1500,21,4.109221948600561,333.87242957046215,3,1,6,NORMAL
51,4309,33,3.8161984947860557,253.0163309396453,4,3,6,NORMAL
9115,3131333,11,743.1984715613486,1430141.541527292,5,7694,6,DDOS
186,8913,13,34.910098324277776,1459.8406496524344,54,270,6,PORT_SCAN
13,1444,21,1.8392586212934774,964.4075999734777,3,1,6,NORMAL
56,1372,10,0.5389641677752259,342.85408237948315,3,5,6,NORMAL
6589,4394044,11,563.6428140490535,1368151.723542902,3,8675,6,DDOS
64,3322,49,0.978199340840624,994.4174774530742,1,8,6,NORMAL
8837,9495633,15,1488.637545009469,1283174.298892523,2,5127,6,DDOS
8259,1135969,6,1408.0909674642244,917209.023486074,4,6385,6,DDOS
23,7085,55,1.5484477945484176,61.35907701094234,2,3,6,NORMAL
576,42189,30,16.25464336168795,1081.6218547828603,66,148,6,PORT_SCAN
69,5781,40,1.0485842911891265,688.1009866594867,3,2,6,NORMAL
6851,9423876,13,1290.4548215823363,1354204.2376382893,4,7031,6,DDOS
155,22584,20,30.486539659374852,1349.603892048191,259,61,6,PORT_SCAN
79,7086,117,1.5581596978920091,67.9718226275607,3,92,6,C2_BEACON
25,2644,54,2.4521732835492753,473.95945678533536,5,5,6,NORMAL
57,5912,79,1.6154130140950493,154.48132861528526,1,72,6,C2_BEACON
44,4129,47,3.6801107983474637,626.7222070689646,4,5,6,NORMAL
78,7161,55,4.811704090804318,709.4822683977351,4,10,6,NORMAL
14,5558,9,2.2607768232651617,700.1795956856208,3,4,6,NORMAL
33,2514,44,0.6041502205180387,412.08611725291854,3,46,6,C2_BEACON
12,3267,57,6.452390449292302,345.401832955549,4,2,6,NORMAL
12,4836,51,2.56055552898374,978.6053808208861,1,9,6,NORMAL
65,5854,15,5.054882192411642,462.49036564863167,1,2,6,NORMAL
75,6296,54,4.18009590421651,464.25478409019934,1,9,6,NORMAL
4716,7792580,7,701.1535550667584,1217472.8281096772,4,1709,6,DDOS
671,48327,25,6.2472665177389155,2086.242888631021,52,112,6,PORT_SCAN
54,7425,40,3.256707879615126,774.4753503400073,5,4,6,NORMAL
49,6312,37,3.525388557593328,791.4906081462694,5,10,6,NORMAL
78,2109,21,6.001584627833356,645.2879408198539,1,1,6,NORMAL
9894,2361110,4,1237.9828746071983,934000.9796181809,1,1687,6,DDOS
10,809,39,1.9956068842108772,404.4463351560025,1,6,6,NORMAL
53,6373,16,7.390855904804045,852.0698821157682,3,1,6,NORMAL
16,5280,35,1.778840463099945,647.5739790880955,5,7,6,NORMAL
55,6262,31,2.7151340075045973,87.43542224714022,4,4,6,NORMAL
49,3637,47,2.303869119624483,184.99694429456534,1,52,6,C2_BEACON
66,3635,77,0.5960750532054616,455.6838255130251,3,49,6,C2_BEACON
44,1804,55,5.759586411049344,413.4146364670876,1,8,6,NORMAL
16,7597,45,4.8768096480693535,947.0859348000731,1,8,6,NORMAL
38,6581,47,7.911825630972174,769.8877602393478,1,3,6,NORMAL
72,4816,47,2.8131454388844235,259.4925137273983,5,1,6,NORMAL
54,6715,51,2.1824648788210235,165.06166853995768,1,93,6,C2_BEACON
35,7729,34,1.176347459671029,357.87104112752934,2,2,6,NORMAL
25,6792,50,2.367217703804256,782.6640663759678,4,4,6,NORMAL
49,5733,18,2.9066027738464344,232.91835764228557,3,9,6,NORMAL
77,6683,77,2.087079997053084,97.84764974103169,2,24,6,C2_BEACON
53,6722,45,0.950392517807435,387.7417915489238,2,9,6,NORMAL
24,6002,31,3.6765545177423005,380.89246400419813,3,6,6,NORMAL
11,5136,60,5.64349619550509,757.4353991070589,1,10,6,NORMAL
5797,3676859,13,870.8700719009182,1053169.4589092487,4,6425,6,DDOS
14,1991,43,2.886626838950713,818.3665794816247,5,4,6,NORMAL
406,35814,18,30.28950971966084,1609.9340912214834,215,227,6,PORT_SCAN
52,1592,7,3.1422428458564213,371.61989527071574,2,8,6,NORMAL
45,4153,14,0.7598708279862944,638.217721403601,2,5,6,NORMAL
352,25170,26,27.48110870266713,2753.6979962994515,98,241,6,PORT_SCAN
73,1534,85,2.8648514942789105,343.4008269407786,1,30,6,C2_BEACON
56,6752,98,1.8041820450534094,390.61556194626917,3,45,6,C2_BEACON
49,4489,104,0.9211400239959789,369.39230197032253,2,57,6,C2_BEACON
60,5509,52,4.789508383374985,559.3514159244969,1,9,6,NORMAL
545,25826,15,11.93526444509114,624.1493560881388,176,177,6,PORT_SCAN
32,4658,11,7.028889273775752,333.52255187620125,5,10,6,NORMAL
9012,7405652,15,1351.6805642037443,1105095.5151070359,1,2790,6,DDOS
36,7141,52,4.909429227326079,383.09929905829017,5,7,6,NORMAL
7537,7333061,7,1481.9547938290148,670544.4125364587,1,8793,6,DDOS
20,5855,59,5.374208388454421,80.10027847309016,4,7,6,NORMAL
69,7729,103,2.8133913679913674,451.95959095761384,3,93,6,C2_BEACON
4659,4520206,15,1016.4055429640031,392912.12048247596,5,9264,6,DDOS
29,946,28,0.5286167912710061,133.2469413416234,5,8,6,NORMAL
68,6638,42,3.2014148569561436,84.0480404978243,3,6,6,NORMAL
34,3286,35,5.993308000669577,547.446563428944,3,3,6,NORMAL
63,3839,26,4.569583553779365,444.9855223979981,2,7,6,NORMAL
72,3268,89,1.6282214688017178,446.24326413465553,3,39,6,C2_BEACON
9038,9799686,7,344.4206579401777,629536.5397248148,5,8993,6,DDOS
6721,1207866,10,563.2870577569627,55360.75477460191,2,4772,6,DDOS
8274,3941570,11,1049.2316167504332,946371.8201626373,4,6656,6,DDOS
24,1920,90,1.6610832993568625,236.7845794950663,3,76,6,C2_BEACON
628,14447,22,30.914844154229357,1738.2616314366971,107,279,6,PORT_SCAN
66,6751,9,4.804413337504218,552.9868874594752,4,6,6,NORMAL
6538,4037478,12,905.7842995889529,1212982.0023591868,3,5282,6,DDOS
3482,5957472,5,332.60543090075805,134827.58426767046,4,2617,6,DDOS
80,3699,94,0.6679943179986171,298.9780163969493,3,88,6,C2_BEACON
78,7128,60,2.2072029316902597,325.6738257595825,2,78,6,C2_BEACON
189,37696,8,20.918275013418153,924.2940979833895,125,91,6,PORT_SCAN
692,28829,16,32.03296905356576,1807.6068358434948,262,211,6,PORT_SCAN
4464,5338090,4,431.23790471046755,450116.96750250185,2,9131,6,DDOS
59,3965,16,4.150026617692875,560.5103064981197,2,9,6,NORMAL
56,4755,35,0.6913403594230947,217.7578979524174,1,97,6,C2_BEACON
35,1170,108,1.7081832222255078,247.52745208544005,3,90,6,C2_BEACON
80,6961,33,2.2840304709549715,270.86441735829044,3,37,6,C2_BEACON
50,3511,24,1.528469710576592,784.787459468093,2,3,6,NORMAL
50,6687,33,5.094892420713221,733.3102632121687,5,7,6,NORMAL
76,6445,75,1.6865637898692296,278.20110554749897,1,37,6,C2_BEACON
40,6377,99,1.4139568164368226,326.12430751915554,3,32,6,C2_BEACON
16,6016,46,7.881239085244746,143.49697759436094,4,6,6,NORMAL
43,6059,83,2.558126761717399,238.65761740199468,1,86,6,C2_BEACON
4684,5696863,9,1281.4753238231385,1013949.33602535,2,6084,6,DDOS
46,6654,31,1.5397184234774657,236.137934175948,2,44,6,C2_BEACON
57,3826,34,4.737516368359768,990.7213800577409,2,5,6,NORMAL
15,2529,50,3.7831870573192474,467.4507021744931,5,10,6,NORMAL
584,26958,22,39.01195856012525,779.1803476492821,95,158,6,PORT_SCAN
4406,8504743,10,1130.1674759843193,1309731.7554331552,5,8974,6,DDOS
76,1465,38,0.5539553933793611,671.8188147630375,3,7,6,NORMAL
262,28445,21,34.954385013399836,1758.0140533071035,139,281,6,PORT_SCAN
74,5674,6,6.594817998738427,599.955747908933,5,4,6,NORMAL
28,5941,111,0.5018040707601397,264.3095613365556,2,36,6,C2_BEACON
58,5349,55,2.6147563687766584,490.6226733449834,2,26,6,C2_BEACON
78,4512,50,4.721931954834083,501.1479699981316,1,6,6,NORMAL
51,1482,5,4.230389964599951,459.12226078592283,2,7,6,NORMAL
37,1400,81,1.2412410786333008,455.43047886183,2,80,6,C2_BEACON
290,28445,12,7.542411592091957,2142.386529066792,145,87,6,PORT_SCAN
33,4055,48,2.2586409687503606,320.42909656929135,3,68,6,C2_BEACON
5552,6582891,5,1280.4464439326932,1340103.2588034384,5,9570,6,DDOS
719,19018,10,38.092147649690105,2584.0123347516496,232,86,6,PORT_SCAN
5533,6587698,15,1122.2980063145199,825620.5045214426,2,8248,6,DDOS
66,6348,40,2.592133293158312,245.04587750376774,1,44,6,C2_BEACON
64,5605,16,3.9079576940880107,452.91845034396295,4,7,6,NORMAL
24,7486,46,5.38187498660979,780.5145935995016,2,7,6,NORMAL
5112,6209692,15,726.2891718987277,117680.71961877932,5,5382,6,DDOS
4608,2308875,3,1251.666217980881,794544.8291309584,1,8685,6,DDOS
31,1960,67,2.096488398444413,142.58022136359705,3,63,6,C2_BEACON
38,7089,38,7.860603979561213,956.3754370874062,1,8,6,NORMAL
20,1922,41,2.3120225748941827,254.86005985294506,3,91,6,C2_BEACON
421,29489,7,28.87703138933925,1764.8560749384067,117,274,6,PORT_SCAN
13,3456,40,4.792080553373945,494.035547327091,5,3,6,NORMAL
749,14746,12,9.216141623484738,1503.2079003447002,120,99,6,PORT_SCAN
17,3383,37,1.0564299212996575,488.6553621241314,1,1,6,NORMAL
5325,4085870,4,914.005928204529,502765.99977863574,3,3621,6,DDOS
58,7476,27,3.9424851416795725,257.2986013692849,3,9,6,NORMAL
20,1395,54,2.3617322663367712,681.4591928367196,2,10,6,NORMAL
3359,998041,6,537.3899932274301,302512.58326672233,3,3855,6,DDOS
705,30090,12,25.17448362517658,1212.5922854586743,214,250,6,PORT_SCAN
72,6595,74,1.380946125343061,484.51486723062015,2,77,6,C2_BEACON
16,7633,59,1.6308383832144693,992.7304602435362,3,7,6,NORMAL
141,19242,14,33.891471033971804,808.5894147528945,175,128,6,PORT_SCAN
43,3490,67,2.3771437986816855,253.17463281397232,2,23,6,C2_BEACON
74,2407,64,1.7831147725378305,59.32308193602329,3,27,6,C2_BEACON
192,26171,9,11.365531771359883,1462.543494116678,131,176,6,PORT_SCAN
60,4900,40,7.6023454192165385,339.45659473203295,3,4,6,NORMAL
6267,4780939,5,588.0961593840954,1167772.3560854604,4,2461,6,DDOS
44,5461,41,5.092715160785877,616.5426579905555,2,1,6,NORMAL
72,3181,42,0.5185481385648856,785.4285259158086,1,8,6,NORMAL
440,14422,30,27.046984018039776,709.0863528733892,193,93,6,PORT_SCAN
325,24422,27,14.398012826780096,797.7584893090482,107,61,6,PORT_SCAN
57,7313,23,1.0754825088009126,871.0375322289772,1,10,6,NORMAL
639,16465,13,36.86145673518868,1372.1126408874038,134,150,6,PORT_SCAN
62,5542,38,1.3458598562743918,214.56207978443516,1,82,6,C2_BEACON
520,28050,16,33.986505113440344,1564.6229893559555,299,245,6,PORT_SCAN
178,45350,15,9.14228396577591,2808.2990185302165,285,71,6,PORT_SCAN
60,1961,46,4.190429708460185,186.67897033393783,4,4,6,NORMAL
50,6659,9,0.569865926631848,640.1012927184381,5,2,6,NORMAL
78,4155,43,2.612523726300801,381.3270596158347,2,98,6,C2_BEACON
24,1328,55,1.9741716540605871,143.97647420523833,3,82,6,C2_BEACON
50,2055,53,1.6950680891945327,996.1709405406459,4,8,6,NORMAL
5902,1263562,3,604.3882593918621,948503.921571073,3,7466,6,DDOS
36,6735,54,1.7645431743718074,776.25954933847,4,2,6,NORMAL
66,5166,96,1.5146115809115455,328.30699611456544,1,64,6,C2_BEACON
71,5675,16,6.586232613857048,109.94551018061338,4,1,6,NORMAL
64,6876,88,0.9435766868336644,490.7198706575629,2,90,6,C2_BEACON
23,1080,44,1.3440147335983115,330.96201027786265,2,56,6,C2_BEACON
51,4549,46,5.4512356926584,136.0063545907376,2,10,6,NORMAL
50,3091,95,0.7799808968770658,255.6291871314157,1,68,6,C2_BEACON
62,1657,72,1.8781852839770503,108.79243532134598,3,21,6,C2_BEACON
79,7238,53,0.81207891702675,733.0312290735411,5,4,6,NORMAL
78,7490,26,1.10342588505791,486.6573860677363,3,4,6,NORMAL
35,6600,107,1.6091329900494464,158.8476420085065,1,79,6,C2_BEACON
44,1763,29,5.837578660839625,652.2058378648984,4,6,6,NORMAL
59,5507,30,4.902535359239135,380.5284055649167,4,10,6,NORMAL
19,4981,10,3.0346293818595185,986.012295134086,4,1,6,NORMAL
26,6425,41,4.821587372906749,280.8473802759383,4,7,6,NORMAL
502,8380,30,37.61791281569657,1572.7561102969657,290,212,6,PORT_SCAN
29,3508,72,2.3167740917565967,423.15408054997226,2,77,6,C2_BEACON
9493,5858628,10,874.038575948827,1115999.5577751787,3,3842,6,DDOS
76,4268,25,5.6690791179473665,61.228979679926475,2,7,6,NORMAL
791,46921,9,15.531227305444933,1277.2270724017553,289,51,6,PORT_SCAN
723,16675,29,13.230515367684065,1405.7010959806098,178,260,6,PORT_SCAN
3492,8589743,7,1017.4413018008078,1267257.1963518618,4,6757,6,DDOS
43,7944,37,1.6843673372005226,150.49999345005614,1,61,6,C2_BEACON
359,28874,19,5.474636882329223,1381.5659452440966,231,135,6,PORT_SCAN
71,4338,78,2.2410376383812642,112.32927651159088,2,43,6,C2_BEACON
6914,8640210,13,1212.6403132153375,63784.53551629092,3,1118,6,DDOS
422,49659,7,10.832590882160172,1330.3882908051687,166,86,6,PORT_SCAN
37,3187,89,1.9976986272308643,489.1539300656728,2,32,6,C2_BEACON
14,2851,31,1.8498599511928142,178.65742316496585,4,6,6,NORMAL
52,6156,20,0.869682316430834,501.45728159541807,3,6,6,NORMAL
7684,8966397,3,453.43362538151484,1205390.1026120805,3,9990,6,DDOS
5336,3558159,5,1307.1980122456953,1054645.9400045213,2,3641,6,DDOS
52,5549,47,2.7925661705504057,604.9614362029374,5,10,6,NORMAL
38,3624,47,1.619761425322343,139.11868208521315,3,74,6,C2_BEACON
5857,951304,15,1369.6114685400098,544821.9604926661,1,8014,6,DDOS
42,5483,56,7.572537260435132,727.103463699469,3,7,6,NORMAL
15,3795,33,2.257544588656712,256.40574966867575,1,3,6,NORMAL
63,2566,58,1.1142967457123192,68.41412269751015,5,1,6,NORMAL
5766,7724612,4,1041.07550585291,224997.64758998965,2,8968,6,DDOS
59,7784,79,0.5471791254084166,151.35347131694058,2,39,6,C2_BEACON
7612,1673318,7,407.65812452410063,1062722.4991345152,2,5578,6,DDOS
44,5648,115,0.9308519749589259,492.63464984064746,3,92,6,C2_BEACON
57,4079,30,6.074807791397159,899.9056202073007,4,6,6,NORMAL
4145,8728265,14,675.5232589483223,1370635.5771402142,3,9818,6,DDOS
40,2706,35,7.688951127962248,375.9416371407207,2,8,6,NORMAL
5401,1937925,9,449.6178949781853,143180.53421467743,1,4846,6,DDOS
774,24852,17,7.387353830528264,2598.3137310507523,173,146,6,PORT_SCAN
74,7585,39,0.8652809870817203,107.13001218460894,3,38,6,C2_BEACON
4984,3953043,11,364.8887774941211,1380633.3535481894,2,4644,6,DDOS
9043,7422203,6,750.6388654532892,369960.99953813903,4,8936,6,DDOS
13,3666,8,1.7218055419896536,593.6451579692857,2,4,6,NORMAL
70,4411,46,1.9959198100070126,965.718336946389,3,5,6,NORMAL
136,6312,29,37.91243175737141,756.30182589403,151,252,6,PORT_SCAN
46,3896,112,2.5134268913405067,488.74359172284875,2,22,6,C2_BEACON
69,6017,51,4.583340042687656,555.3369280719207,2,4,6,NORMAL
6588,9268819,13,1111.822397276812,222865.8736339432,4,7563,6,DDOS
124,15940,7,9.633221425275487,2667.1999717002673,285,149,6,PORT_SCAN
25,1554,11,3.4542778454645537,805.1523669618985,3,9,6,NORMAL
634,21678,8,11.749584087832844,573.8881069413233,55,182,6,PORT_SCAN
5499,8153827,6,743.5687852754095,589907.8742289367,2,9633,6,DDOS
66,6832,107,2.567437441286522,314.5613740335714,3,96,6,C2_BEACON
3708,7407115,11,887.0560782748374,1493713.289229883,5,8757,6,DDOS
25,1207,59,5.035143382655862,407.1605181215322,5,3,6,NORMAL
48,1236,87,2.008419643486566,343.133877980194,3,71,6,C2_BEACON
51,1523,38,0.8497785916844367,96.01394783892678,1,50,6,C2_BEACON
7928,5499260,4,1380.6898619689507,640159.934761533,3,2479,6,DDOS
36,6154,50,4.167523096336466,505.8132520419583,5,5,6,NORMAL
75,1913,86,2.443489660371604,137.65944402681208,3,98,6,C2_BEACON
45,1264,46,3.2032653754794564,128.29950417020595,2,1,6,NORMAL
55,3059,26,6.6308148427762355,727.2537504917563,5,2,6,NORMAL
63,5920,11,5.468622244166726,306.47829206032964,5,3,6,NORMAL
29,7753,31,5.41191423120098,842.0084291315054,5,7,6,NORMAL
48,2270,38,2.767387239728835,156.61970865357588,1,4,6,NORMAL
75,7258,82,1.4370415963977583,188.1045423156109,2,38,6,C2_BEACON
6714,6941109,10,1254.1976132521545,1325910.3428520672,5,2659,6,DDOS
58,517,29,2.4890229362911396,794.8670718511408,4,5,6,NORMAL
38,527,29,7.6561650944460915,827.0778264167784,4,2,6,NORMAL
68,1083,48,2.2506785462001915,301.3268943759547,5,4,6,NORMAL
466,35695,16,19.96842098481461,1551.2641623885727,155,168,6,PORT_SCAN
79,5147,86,0.6727490220604949,131.55497393333158,2,92,6,C2_BEACON
34,2930,18,7.765320237268691,600.2212762754434,5,1,6,NORMAL
22,3644,69,1.8815644155659481,366.8180390044226,2,47,6,C2_BEACON
43,5696,90,1.038023165626806,470.9652196364517,2,43,6,C2_BEACON
278,30171,29,39.06619045661364,2805.93949676249,65,206,6,PORT_SCAN
746,17217,20,9.893534864139856,1967.0519032141372,145,194,6,PORT_SCAN
4552,5279824,3,460.4163979996383,660530.8657786978,3,1517,6,DDOS
71,4664,54,7.408717355328508,218.34231657703828,5,3,6,NORMAL
486,48142,23,36.54462140936212,1305.9301171691768,76,211,6,PORT_SCAN
74,2959,59,1.7748999804615238,674.7339504411075,5,3,6,NORMAL
726,24326,15,39.48414494845435,2064.8882615551756,52,260,6,PORT_SCAN
10,1432,48,2.9996216785923533,426.2468597902119,5,10,6,NORMAL
78,681,16,7.792494537435853,318.0088106970144,2,8,6,NORMAL
48,5734,32,5.677351343450968,483.9940220343972,3,4,6,NORMAL
225,12017,9,14.886206345035234,2736.511971440682,73,69,6,PORT_SCAN
7646,2468815,3,1162.3001086041722,680980.1662070379,4,9096,6,DDOS
13,5906,17,3.488494839235876,314.6729079718537,1,5,6,NORMAL
67,4941,13,2.0506795599575702,181.64770045860976,5,4,6,NORMAL
246,9721,18,13.58388420884196,2772.8276372909313,298,153,6,PORT_SCAN
57,1343,116,1.7283336739430848,64.1831172630018,2,64,6,C2_BEACON
9178,2967651,15,978.2778179217319,1364977.142492857,4,6549,6,DDOS
24,6587,75,0.6635318986090689,373.49095735133193,3,52,6,C2_BEACON
35,7962,115,1.736329504041171,365.7195708413421,2,73,6,C2_BEACON
80,6280,32,4.7068014858105975,156.28018655986824,2,9,6,NORMAL
486,30165,5,8.851243026030648,533.880151127386,262,214,6,PORT_SCAN
58,6096,32,1.7960540887309189,253.98030067152533,2,5,6,NORMAL
29,4374,56,0.5730671832304783,450.44463555975204,2,9,6,NORMAL
3490,2807798,8,898.4717783029204,342917.0919203932,4,4348,6,DDOS
7970,8629167,9,1187.0455617838413,1201242.5483613117,3,8010,6,DDOS
3162,6899154,9,1324.8506523659782,1150344.5674804053,3,9801,6,DDOS
73,2482,72,1.0158817488624288,476.057783320352,2,61,6,C2_BEACON
50,3773,120,0.9380449892904803,186.45821545775806,3,40,6,C2_BEACON
39,7092,10,3.813952291824008,397.4941558509589,3,3,6,NORMAL
56,2875,120,1.9820869566758557,156.6580442040775,1,82,6,C2_BEACON
39,4153,54,1.3794140250270646,291.9936517148902,3,75,6,C2_BEACON
5480,6552024,14,1108.5637715143705,1050925.3638155633,4,5958,6,DDOS
7810,8133602,15,1104.3118397886863,954525.0715416624,3,6592,6,DDOS
255,11262,28,25.58685271249488,1477.8097494371991,262,205,6,PORT_SCAN
631,22045,10,38.610675285348194,1668.331182480489,286,110,6,PORT_SCAN
299,5436,20,34.137657312929164,564.4432635892286,102,122,6,PORT_SCAN
9635,3640556,6,522.1048689921545,1133192.512945607,5,5248,6,DDOS
21,965,43,5.424541389232518,843.6861802338323,5,2,6,NORMAL
426,45823,8,26.255347754110428,1573.2824392564737,195,140,6,PORT_SCAN
41,5185,38,1.7718719254424413,411.695422314306,2,5,6,NORMAL
34,4599,12,7.006233160236725,412.58575881530777,3,7,6,NORMAL
26,5544,22,2.564128361150159,294.1079345605734,1,10,6,NORMAL
46,1202,18,3.8690252121459254,993.1370325225798,4,3,6,NORMAL
16,7590,27,7.638814628659753,510.37847347339965,2,7,6,NORMAL
69,1503,22,3.871970089967486,183.83375325777433,1,5,6,NORMAL
532,28223,9,19.081112737897815,1892.3519522218946,232,125,6,PORT_SCAN
4718,4159722,15,1198.0590211956655,1116212.4000064663,1,6934,6,DDOS
571,21904,20,39.2469316271016,2407.865924325918,163,216,6,PORT_SCAN
13,5097,17,5.870147096918026,716.2587249107241,4,4,6,NORMAL
50,6076,13,5.90962398194458,672.6305419393195,3,5,6,NORMAL
724,7317,16,39.33696148899725,2874.769456987086,203,239,6,PORT_SCAN
31,3187,59,4.402561558885903,160.42802107543102,2,10,6,NORMAL
9278,5272070,8,373.70876695049094,906171.951930387,2,7003,6,DDOS
32,3023,30,1.0220572612206924,153.30740214312996,5,7,6,NORMAL
64,1865,49,3.8293128582582048,474.77317668674436,3,10,6,NORMAL
71,5900,36,0.6179882515191479,555.6018607620997,4,1,6,NORMAL
45,2544,12,0.6943500564810741,226.7456469989699,5,7,6,NORMAL
76,2560,29,7.795055812629448,261.7542918067663,4,6,6,NORMAL
593,36162,22,29.10906726446009,901.7228999284994,228,161,6,PORT_SCAN
38,7190,33,7.134723302885056,933.9483307699612,4,1,6,NORMAL
123,46837,23,35.34286661907787,777.3287977860814,287,202,6,PORT_SCAN
25,6819,6,3.012582697371459,457.8583408771571,5,2,6,NORMAL
3168,3993397,5,766.2034819676805,633474.5393183605,2,2975,6,DDOS
3219,4010288,10,1078.3478660448268,992122.7477534212,4,9824,6,DDOS
8576,9897186,10,302.3459577967855,669315.9910246813,1,6292,6,DDOS
6569,3267969,8,1184.2430859318233,762348.4306583505,2,8208,6,DDOS
48,5890,35,2.1571919048878474,276.62868011784235,1,46,6,C2_BEACON
40,3939,45,6.454243314795786,484.25793580462624,1,8,6,NORMAL
23,586,11,2.440537778027416,535.1424284987925,5,9,6,NORMAL
21,3095,119,1.6839937206576554,409.02428271390403,3,32,6,C2_BEACON
70,4415,64,1.0718090000160698,168.28493634158184,2,67,6,C2_BEACON
12,4112,25,3.6408522362689255,442.3121042994801,2,7,6,NORMAL
13,7316,16,1.9551168492351558,842.1340351629258,4,8,6,NORMAL
50,4983,61,0.5142312494535681,399.0830517190609,3,42,6,C2_BEACON
61,3465,19,7.979943334918707,181.41515764631308,4,2,6,NORMAL
37,4664,30,6.395608421700327,810.8110466826513,5,1,6,NORMAL
56,1673,71,2.998597227499352,249.14122463584178,1,51,6,C2_BEACON
12,803,26,0.9204083981580244,798.3896053207023,1,7,6,NORMAL
61,3706,39,0.9541845554083559,308.8506959595857,2,87,6,C2_BEACON
707,6871,10,22.927152259822677,2805.8839943368503,276,202,6,PORT_SCAN
36,7622,26,2.773910192233682,913.5444526714609,2,4,6,NORMAL
463,42376,17,33.80554940810504,1902.2711065238782,278,202,6,PORT_SCAN
45,7532,14,7.906454782746293,563.2046840199938,2,2,6,NORMAL
22,4237,44,1.7801704091216708,611.4903648254254,1,2,6,NORMAL
7156,1811382,9,1169.9869257248124,501621.30622588296,2,5012,6,DDOS
71,4440,81,2.903921892074739,95.02971067731448,2,59,6,C2_BEACON
26,4630,73,2.094707438479344,292.3655425768417,1,44,6,C2_BEACON
68,5770,6,0.9561905562087937,505.03281544844515,4,7,6,NORMAL
16,595,46,7.507785653151238,530.2891932904965,4,8,6,NORMAL
7278,3866315,8,854.9840225077601,398542.2243787745,3,8133,6,DDOS
58,6882,27,5.085188144565535,869.4469857978889,2,8,6,NORMAL
56,4171,63,2.266864821255157,491.8622863574774,2,75,6,C2_BEACON
28,5741,22,4.423151480988737,441.4297582752336,2,10,6,NORMAL
76,7470,113,1.4733484601985172,280.10095423867716,1,40,6,C2_BEACON
42,6753,57,4.164658254003614,737.3800490767488,4,8,6,NORMAL
9308,7507639,6,826.41696140145,1286768.9811419537,1,7139,6,DDOS
18,7248,7,2.736516901206041,326.28640221901225,5,10,6,NORMAL
34,775,55,4.996361846693671,540.022949975187,2,10,6,NORMAL
336,34872,15,31.186589777722133,788.5422984710544,111,163,6,PORT_SCAN
14,5018,21,4.576019929385889,998.7917662612591,4,3,6,NORMAL
435,14080,12,7.920496616296741,2229.0043074609357,82,118,6,PORT_SCAN
44,4999,13,7.457545706333358,466.21029031875935,4,2,6,NORMAL
10,3296,27,6.7241291422580085,966.211999281623,3,9,6,NORMAL
25,5732,23,3.2565792732662766,259.80677797028545,2,8,6,NORMAL
7114,5312035,7,1443.1395866969085,804862.2620510433,2,6000,6,DDOS
78,2757,42,1.6430843910195734,133.56742673784666,1,60,6,C2_BEACON
5765,3348423,3,946.1001753161862,104197.55144654664,4,9433,6,DDOS
5815,7199844,6,776.009193400514,65569.17401685053,1,3236,6,DDOS
612,25462,17,26.65257205801224,1864.8540470286814,278,78,6,PORT_SCAN
26,7889,43,4.544644897478918,51.140195519629856,4,9,6,NORMAL
6028,3595339,6,974.984690908799,100299.17854854646,3,6633,6,DDOS
9979,9997530,8,1039.3237647381268,657108.1681288602,2,2717,6,DDOS
486,13730,25,25.082288157018926,999.336071232668,114,175,6,PORT_SCAN
67,5699,32,1.2567761723077133,139.8390785384228,2,68,6,C2_BEACON
5752,8833769,11,1273.7486132821787,1017711.9548792554,2,5907,6,DDOS
40,4554,29,1.345577469528564,524.6034142090247,5,2,6,NORMAL
6786,948251,4,1066.6399481399571,1029651.9963973566,4,7244,6,DDOS
26,3016,82,1.052433715053359,256.7779758894685,1,42,6,C2_BEACON
54,2034,42,1.0678126397559025,255.84504733633307,1,35,6,C2_BEACON
7150,1435113,9,616.0691812159816,907015.4220444156,4,6779,6,DDOS
3751,3413796,12,958.6165204455334,1203087.9844064147,2,4871,6,DDOS
403,6542,22,14.353243159171091,1233.099213929574,156,54,6,PORT_SCAN
3955,1886418,4,887.0621291525006,1019748.7042642663,5,4685,6,DDOS
76,7142,39,1.3113637934844709,398.8593085080538,2,39,6,C2_BEACON
430,30170,15,31.50550750080163,2883.7841701357916,60,258,6,PORT_SCAN
9738,5076682,12,1369.0734266919285,899232.2326300621,5,1067,6,DDOS
71,4984,36,2.5791861140802013,77.12886080773166,3,67,6,C2_BEACON
27,7793,24,0.5492662172951147,985.1747040509608,2,6,6,NORMAL
4121,9193462,7,747.6170341265902,753103.5858943465,3,3671,6,DDOS
21,7139,48,7.756709272722968,987.2459266603618,3,2,6,NORMAL
663,10509,16,20.101577285098365,876.5501155877113,178,160,6,PORT_SCAN
47,4100,30,7.132981820286482,784.9931619036194,3,8,6,NORMAL
78,6845,35,3.9865532872588085,834.4478684997179,5,5,6,NORMAL
470,33187,20,12.469729087447469,1028.7322191152832,55,293,6,PORT_SCAN
12,1262,23,2.1619730035439764,707.1977975304418,3,10,6,NORMAL
30,5264,38,1.0795390880072508,91.52194208968498,1,93,6,C2_BEACON
9621,679426,9,1112.4396757067652,1402040.057328762,2,8858,6,DDOS
5679,8288747,10,853.6283975980028,169695.51328734588,2,8171,6,DDOS
5578,7238583,15,497.1896180576587,139129.07630381046,1,3473,6,DDOS
5761,3723772,13,1102.7393465921714,369823.3853294,1,3750,6,DDOS
22,5928,43,1.9758575863801993,407.11998558942224,1,93,6,C2_BEACON
76,5859,68,1.402345803822945,74.46539954486144,3,49,6,C2_BEACON
4313,3838530,10,1451.6386240593451,1475246.6189519274,1,7899,6,DDOS
58,3371,42,6.534657791707331,912.4659327675571,5,2,6,NORMAL
20,2824,37,5.478903772287491,638.2977650942568,1,4,6,NORMAL
158,10020,6,9.435056301574825,951.4836945123221,61,130,6,PORT_SCAN
60,6274,88,0.8892529538711398,362.2742764864523,1,20,6,C2_BEACON
63,2339,25,2.3619738751793236,920.0620266368503,3,5,6,NORMAL
310,36970,18,35.9000066713655,1559.3433044167193,241,119,6,PORT_SCAN
7218,7431114,13,525.5219221394875,1479963.0379319654,3,1272,6,DDOS
7309,3529442,9,1404.4958359912227,406928.28196262906,4,2545,6,DDOS
78,5403,46,1.4460721091762507,476.9685915287635,1,32,6,C2_BEACON
6203,1704993,11,1172.10552051401,459427.9204290036,2,9978,6,DDOS
51,3580,22,6.623708865746848,423.2883732524869,1,10,6,NORMAL
78,1929,54,2.634565488720818,358.83577234695247,5,8,6,NORMAL
4148,8398507,7,1309.8750397089111,297354.18867930013,1,2646,6,DDOS
303,10099,28,28.37868709301298,2041.2809354181816,132,220,6,PORT_SCAN
385,34791,6,24.077842760465582,2871.3342001655615,87,213,6,PORT_SCAN
56,2449,86,2.2659189150849923,445.8523750110911,1,84,6,C2_BEACON
72,1998,53,7.37005122254418,316.2532920240277,2,10,6,NORMAL
63,7234,28,6.456871828535596,105.38502322480684,5,5,6,NORMAL
25,6883,41,0.50960283787864,406.2167283782396,1,46,6,C2_BEACON
9545,7776581,14,378.45302330100526,259426.75642630836,2,4107,6,DDOS
510,13597,28,35.681757513060816,2654.9592369220522,69,68,6,PORT_SCAN
217,22270,27,13.657402979743223,2551.523540712128,100,171,6,PORT_SCAN
26,4614,42,2.9899602794852282,145.3463720566097,4,2,6,NORMAL
75,3583,59,2.1454176084847605,140.76564227281716,1,74,6,C2_BEACON
9119,1076194,12,684.1672299107142,778448.0917154693,1,5480,6,DDOS
39,1014,21,3.2707638908560575,90.66801879671453,2,9,6,NORMAL
29,1272,7,3.9527735424594437,198.30175102865527,3,6,6,NORMAL
773,20773,10,22.90302489666838,2249.0716566644796,101,171,6,PORT_SCAN
606,28684,11,18.6780073011183,1727.592393671003,55,155,6,PORT_SCAN
585,43217,5,22.090756934602922,1118.7760731683716,78,61,6,PORT_SCAN
30,5802,58,3.5817440537240004,281.486792050206,2,10,6,NORMAL
41,1729,42,2.8653678484923257,308.30130029781066,3,69,6,C2_BEACON
61,5337,31,2.289314688418517,281.50650799685394,2,8,6,NORMAL
21,3230,34,7.168894069984915,147.94768798760185,3,1,6,NORMAL
60,5624,24,5.944912726028339,767.4705492141593,4,2,6,NORMAL
49,3846,67,0.8690829652217678,352.6960740852851,2,89,6,C2_BEACON
410,19926,5,37.593628704082064,565.8845486792407,250,257,6,PORT_SCAN
5740,7043005,14,1162.656647623052,1325819.6434580397,5,9860,6,DDOS
77,4610,22,6.728544646755481,294.1215803350992,4,5,6,NORMAL
54,3346,57,2.5738088652284166,626.0452375926396,2,8,6,NORMAL
277,37983,10,5.380365169597221,2581.7002360452107,224,292,6,PORT_SCAN
49,3768,47,5.374085432295901,466.19507971877886,5,8,6,NORMAL
4404,2250084,13,963.488130369509,96485.7734619713,5,9005,6,DDOS
169,36642,18,23.33169667122238,2881.110573259544,252,55,6,PORT_SCAN
56,7567,53,7.900865920245059,532.1637187772417,4,4,6,NORMAL
9538,1431723,14,384.8689068599601,1430255.2735308015,4,2516,6,DDOS
4211,6756474,10,947.8399155330569,285766.53170423413,3,2990,6,DDOS
424,5929,9,36.37753893474539,2834.5484984570476,177,271,6,PORT_SCAN
9796,7952933,4,1268.3052289504753,929939.4906656829,4,1737,6,DDOS
415,34336,18,12.745851613862058,2689.0549392725366,187,102,6,PORT_SCAN
17,4660,10,6.885069090080911,115.09526606860273,1,4,6,NORMAL
6043,5615785,8,663.9120992480035,754592.033777891,2,3328,6,DDOS
795,42803,5,17.958974528925694,1409.4861339068275,127,279,6,PORT_SCAN
56,2574,82,0.96514510825099,283.35712486060726,2,100,6,C2_BEACON
3776,5941761,13,1135.5784391334541,1032955.7574585261,2,6440,6,DDOS
739,35716,24,10.47585574788615,1376.1319822882028,193,276,6,PORT_SCAN
15,579,59,1.5379583200451932,664.8386948703726,3,6,6,NORMAL
4785,2920581,4,510.1851065228161,1456389.040113193,4,7690,6,DDOS
66,2184,111,1.7336257366668533,451.72250511954206,2,78,6,C2_BEACON
54,4860,22,4.976432644134492,209.95849637293017,3,5,6,NORMAL
5694,8736918,10,855.2345446598478,106672.94576072344,1,5717,6,DDOS
380,45977,6,38.989924304383486,2558.3142718379663,270,233,6,PORT_SCAN
60,6240,58,6.015146515867761,352.15483330279557,3,4,6,NORMAL
155,10924,14,32.75022046121812,853.6523655334418,138,167,6,PORT_SCAN
26,5392,29,1.6568957099084116,221.80366881026177,5,3,6,NORMAL
68,7655,5,6.3991297912082885,641.9050321593677,5,7,6,NORMAL
12,1710,42,5.785222562992431,184.57003113365303,1,9,6,NORMAL
48,4546,73,0.6011393456316839,387.4989304527157,3,78,6,C2_BEACON
4014,1300824,15,1081.154903245059,230887.21782467118,3,1085,6,DDOS
6182,631971,9,1413.0088804184752,1380993.7053957868,3,2478,6,DDOS
25,6626,19,3.849461580614145,714.3458701803007,2,2,6,NORMAL
584,39301,28,34.38775032633821,2401.4539985438764,65,246,6,PORT_SCAN
65,7180,75,1.9686191849351558,398.57941411293467,1,98,6,C2_BEACON
13,1969,52,7.433654714311592,793.2671713402501,4,4,6,NORMAL
68,7254,55,1.9293407304280197,371.03687116784937,4,1,6,NORMAL
5199,9946530,12,807.6846965273232,1146911.433061046,3,4053,6,DDOS
201,13279,21,9.143045485767997,1942.334368532175,150,265,6,PORT_SCAN
54,3056,13,1.2703116750465966,528.1696547511008,3,3,6,NORMAL
62,1210,57,1.9173249934006051,60.864990455914814,2,32,6,C2_BEACON
74,2705,31,7.449233387382678,597.5347354905421,1,1,6,NORMAL
80,1200,47,2.4706632628426606,221.65580798233268,3,39,6,C2_BEACON
4220,5956223,4,1259.7739454338289,1013528.353007173,4,7344,6,DDOS
59,6346,60,4.4175865491387984,53.90437577241837,1,10,6,NORMAL
554,46777,27,7.181391537176664,743.6886515075396,189,121,6,PORT_SCAN
72,7490,56,2.561713760592319,228.35757908809578,2,34,6,C2_BEACON
34,2841,32,2.272521274622694,149.47597107794212,3,56,6,C2_BEACON
6900,2185367,14,761.8302520560887,930402.0235900697,2,9520,6,DDOS
644,30131,26,7.800318898734096,517.3918220608621,292,289,6,PORT_SCAN
572,36653,21,24.418253563738254,2349.21247871137,237,70,6,PORT_SCAN
75,2666,15,5.931400985583169,375.53771083231527,4,10,6,NORMAL
7216,6606747,3,433.1598524715452,580106.7454722647,5,1669,6,DDOS
74,3344,30,6.95300097873464,787.108765662166,4,2,6,NORMAL
365,21871,5,28.74357368478612,2643.7257686519497,140,188,6,PORT_SCAN
113,48649,20,19.977289227335863,552.0671192093761,299,117,6,PORT_SCAN
40,2683,39,6.622138712065511,921.3965084419185,1,4,6,NORMAL
19,6345,23,2.2587018351097647,369.05515979024824,5,2,6,NORMAL
41,4700,42,1.8096681844027307,59.18034274641843,3,27,6,C2_BEACON
69,5151,13,1.1968713074653043,812.2329732306642,4,2,6,NORMAL
55,2580,92,1.2041028377911545,87.48775654294198,2,30,6,C2_BEACON
794,23836,22,21.222588791208157,1931.5063826594537,195,246,6,PORT_SCAN
70,6902,21,3.0392092553857375,708.0693686575379,1,6,6,NORMAL
11,6774,32,6.484735821909603,617.1535646144645,1,9,6,NORMAL
47,5151,48,6.179620626931709,216.72016814654148,4,7,6,NORMAL
78,1522,29,1.0910014855884362,328.51936733673824,5,6,6,NORMAL
49,5522,8,7.276889544551047,558.2815985351858,1,8,6,NORMAL
264,37874,21,39.72976051647382,2021.8473160899227,183,288,6,PORT_SCAN
71,6807,20,6.181049637850044,963.1767890365336,4,8,6,NORMAL
80,3109,22,1.5616762159361208,719.1360113308034,3,10,6,NORMAL
18,612,21,2.118072038879256,926.4503244865343,4,9,6,NORMAL
37,7160,60,2.247490092845236,785.6501489145791,5,1,6,NORMAL
34,5586,21,5.583233439675196,734.8819578371736,2,2,6,NORMAL
68,633,12,7.470746565106413,200.08433922545345,4,1,6,NORMAL
21,859,19,7.229656039485944,543.7712575674352,3,8,6,NORMAL
792,22767,21,16.283514995340383,2723.862733163532,194,216,6,PORT_SCAN
6713,958871,15,362.51858748232826,980309.1415496353,4,3229,6,DDOS
735,38650,11,32.300737083011654,969.8836816221346,121,158,6,PORT_SCAN
7672,7048160,8,987.0463737642079,1222073.524133265,1,4373,6,DDOS
37,4420,113,0.555986331728658,396.69965852608334,1,58,6,C2_BEACON
7976,2162054,3,504.8968999206696,1422439.9431810954,4,3960,6,DDOS
4843,3432895,4,740.4611245340907,243312.26084263992,3,1834,6,DDOS
178,16188,26,31.609126328365043,524.3346876279479,140,298,6,PORT_SCAN
655,24387,15,24.987892127119316,596.5155216967173,120,142,6,PORT_SCAN
62,2287,71,2.8917674555716344,491.519483649722,3,96,6,C2_BEACON
667,35792,28,8.534837956904827,2673.646987119236,263,160,6,PORT_SCAN
458,23564,30,35.065369029117846,2163.3149973773266,246,193,6,PORT_SCAN
206,7333,20,22.766149289038598,2125.84242132041,160,172,6,PORT_SCAN
27,7471,37,4.010155767547175,233.1708283601193,1,6,6,NORMAL
44,7528,37,7.891162266963456,695.3343501271446,1,3,6,NORMAL
138,24013,10,10.303823380791314,1657.765557593719,276,210,6,PORT_SCAN
4099,5166187,8,1072.322485926487,1152716.12932854,5,7797,6,DDOS
13,6805,24,1.7694144800855915,382.2305797443534,4,10,6,NORMAL
47,2971,59,1.0510940145386736,321.6475829987056,2,90,6,C2_BEACON
260,40107,17,35.09029924961714,1073.3361708035222,255,91,6,PORT_SCAN
6821,4075870,6,876.8954491727308,1164105.195039905,3,7158,6,DDOS
79,7052,43,7.233585105493964,513.818003672738,3,7,6,NORMAL
72,3150,82,0.6491825422713708,244.34196553609522,2,70,6,C2_BEACON
44,2832,46,6.071951690983638,818.3682166440854,4,4,6,NORMAL
48,5064,76,2.4858433808930442,243.4880573991084,3,87,6,C2_BEACON
14,7337,28,4.868821748673455,190.6890962891085,2,1,6,NORMAL
303,46600,7,38.279146537711604,2642.891990454562,241,104,6,PORT_SCAN
7237,1229216,14,569.4578472998558,453002.89453318453,4,9723,6,DDOS
105,33201,16,28.10886602248141,501.604278570079,114,85,6,PORT_SCAN
458,44479,25,36.1648645143848,2995.22202261561,83,205,6,PORT_SCAN
9420,7575907,3,1424.1847863279545,492487.7475137483,3,4532,6,DDOS
11,6300,39,1.4493721988598622,93.23991593405742,1,9,6,NORMAL
24,4682,79,2.4435830450278093,406.0767106449273,2,38,6,C2_BEACON
53,7147,58,7.866445645946733,694.4779454313828,3,2,6,NORMAL
74,2839,110,0.5879880518398946,295.5121400450602,1,80,6,C2_BEACON
60,4604,44,2.943072493311245,475.56365826711897,2,20,6,C2_BEACON
7944,3130468,15,1253.478479129069,1431502.2061520496,2,4763,6,DDOS
3160,8041631,12,591.1555785060383,477505.53992147866,4,1834,6,DDOS
26,5533,32,5.251156555269456,433.2238063780529,4,7,6,NORMAL
69,7634,39,7.5114317874842,571.1180107489429,2,9,6,NORMAL
18,3652,29,4.969163212708461,494.64739339544343,3,9,6,NORMAL
3035,9662802,11,697.5367752961273,1072904.467050414,4,5748,6,DDOS
76,6865,98,0.8024549356809789,399.46843775465794,3,88,6,C2_BEACON
29,1902,47,5.183593905752493,906.9008490061906,3,10,6,NORMAL
57,6180,14,4.331186521153707,447.32715090069564,2,10,6,NORMAL
292,18059,27,8.28467457607837,1646.483949032335,74,65,6,PORT_SCAN
4293,5093203,13,945.2850516905448,1016652.5638001389,1,4559,6,DDOS
19,3430,37,1.296016564024794,797.5473027794415,3,10,6,NORMAL
34,1272,11,5.442370621359973,386.5826882600761,4,8,6,NORMAL
30,3687,45,0.5396797510442898,136.53415502676881,2,8,6,NORMAL
53,1191,14,4.966580688987403,830.6375793847649,4,7,6,NORMAL
676,27235,19,30.031381659606367,2466.742167995112,121,250,6,PORT_SCAN
65,7418,11,2.3248735611705023,609.4277238877663,5,2,6,NORMAL
437,48472,6,13.2466020604553,682.2797545355198,292,194,6,PORT_SCAN
5317,4916038,12,1295.5070146462076,1393739.4774142578,5,6128,6,DDOS
23,3244,23,3.9076180861759626,659.2467890391905,5,8,6,NORMAL
76,7604,28,6.657630442988452,539.5062174790789,2,2,6,NORMAL
6152,5258210,10,1020.4674101129867,502410.0206510535,4,4700,6,DDOS
145,44359,12,17.24053776875676,693.6978568683926,163,78,6,PORT_SCAN
63,4242,41,0.9330258569939358,489.2593904519775,3,1,6,NORMAL
59,5936,55,6.655606637821663,981.7772317267958,4,1,6,NORMAL
721,35954,26,23.355682478932735,1602.5435350265234,118,99,6,PORT_SCAN
5827,6495607,9,721.523112563335,1008798.0084429076,2,4844,6,DDOS
40,5193,14,3.6984874775933383,346.7636262196944,5,6,6,NORMAL
45,6802,32,5.691661188568444,684.2002420230692,3,5,6,NORMAL
9255,6238565,5,1151.8738595070026,91701.32897397358,1,4643,6,DDOS
55,3570,32,1.5917734677454882,554.6080022413221,5,3,6,NORMAL
48,2759,88,2.053281401522544,295.6457421029981,1,55,6,C2_BEACON
58,7919,35,2.448658044027603,293.03431292499465,1,61,6,C2_BEACON
3950,1688825,6,1165.683696670719,909424.6602852239,3,7865,6,DDOS
769,36729,24,13.06224421198577,2465.7603543037594,108,195,6,PORT_SCAN
75,2232,105,1.2471390734256824,139.99743836243726,1,76,6,C2_BEACON
302,16790,19,5.542928806222847,801.972113896638,117,245,6,PORT_SCAN
24,5339,82,2.3259508565293103,379.6503516851256,1,96,6,C2_BEACON
43,2161,70,2.5795108512137315,218.76307090786997,1,100,6,C2_BEACON
8714,7818725,3,493.60012371549703,1103003.2461784175,4,6633,6,DDOS
201,10742,30,34.303207946072675,724.0948500041773,54,207,6,PORT_SCAN
79,5895,107,0.8009060452807613,380.03896308879047,3,44,6,C2_BEACON
5320,6793920,11,1027.2304279879718,154312.49203674117,2,8688,6,DDOS
28,3644,32,0.8097873563398323,440.4819641034462,3,81,6,C2_BEACON
64,7700,76,2.8273554526443876,313.2010419470043,1,77,6,C2_BEACON
583,48806,17,34.09714472459211,2265.560251525454,245,284,6,PORT_SCAN
65,6129,69,1.0121907021901158,445.40647077561437,3,54,6,C2_BEACON
55,2349,16,3.685788929717983,57.05849192322472,4,4,6,NORMAL
72,7383,92,1.1335637085163894,54.69336831526226,3,70,6,C2_BEACON
27,5853,60,3.108274153543627,219.5499475539061,5,7,6,NORMAL
72,6769,55,1.0215226050849,372.5027141360059,2,67,6,C2_BEACON
65,4638,86,0.8759638357751888,449.6532851682155,3,68,6,C2_BEACON
7346,5188687,14,1201.7276896391966,410379.57805561525,4,8785,6,DDOS
44,881,9,5.633215575977311,316.3543630715166,5,10,6,NORMAL
332,32765,10,14.51396628513397,729.8413127940341,146,300,6,PORT_SCAN
36,5944,32,0.8506748400477772,339.00810655095074,2,70,6,C2_BEACON
30,2734,33,7.2897965673368095,189.9812231920241,4,2,6,NORMAL
424,12445,30,38.949164365143226,1515.966595388999,183,234,6,PORT_SCAN
27,1193,13,5.316821746860162,445.06269296366804,4,10,6,NORMAL
29,7671,86,0.5758541677535065,67.44842656613785,3,35,6,C2_BEACON
76,2198,40,2.937871508195411,679.1154597286315,5,7,6,NORMAL
30,3023,110,2.383534368379202,427.8969264144493,2,48,6,C2_BEACON
270,44266,13,29.384717970058638,822.3355913470753,61,294,6,PORT_SCAN
5951,1142255,11,540.3679162301823,335137.16816086776,3,5096,6,DDOS
17,2615,57,2.484986393410497,468.5460911387842,4,4,6,NORMAL
42,4925,51,2.6212174570954807,915.7691302971872,3,9,6,NORMAL
11,1087,46,0.617808495312699,735.2722707438785,4,7,6,NORMAL
52,2384,29,4.773421345280262,283.44351555657687,5,6,6,NORMAL
80,3365,27,1.7263521088838814,899.7673242965856,1,5,6,NORMAL
235,25348,6,18.275865984760138,1217.6913912967598,121,85,6,PORT_SCAN
58,943,24,4.4328751363520835,353.35071320036974,5,3,6,NORMAL
25,2234,56,5.403874509072848,546.9636573303628,5,3,6,NORMAL
263,27591,8,21.478024305731186,2216.9660962009298,228,104,6,PORT_SCAN
5122,659341,13,916.2785027613281,275462.35958834173,2,3337,6,DDOS
29,7881,117,1.054642729012507,57.52365730259343,3,65,6,C2_BEACON
65,7267,51,2.9258819003634176,278.6864283307453,5,4,6,NORMAL
18,1994,13,2.671964744684641,655.0480740709294,5,8,6,NORMAL
8156,5198850,5,1321.8031660461677,1454157.2458812536,4,4428,6,DDOS
646,15071,6,9.474118066651636,1545.5313986259637,232,114,6,PORT_SCAN
9600,7610724,14,1375.7145918684641,252373.145978836,5,2410,6,DDOS
541,39897,6,28.114085984827447,578.2652486404247,245,139,6,PORT_SCAN
6422,1241958,3,1489.5282042382892,1113540.6376010124,5,1550,6,DDOS
5026,3208302,3,440.0767723110811,183843.4195844546,4,7515,6,DDOS
710,23872,28,5.108740466076803,962.6970645643796,282,229,6,PORT_SCAN
60,2446,72,1.7682324551656776,281.390105766729,3,58,6,C2_BEACON
617,34085,17,6.947860661235118,804.5285362736089,153,173,6,PORT_SCAN
66,1518,34,5.665084934090703,714.7470007269314,3,9,6,NORMAL
73,4757,51,5.23893205622627,517.87923103259,2,10,6,NORMAL
44,5752,113,1.5452497559459393,238.2213099645988,1,23,6,C2_BEACON
3090,3382757,8,1331.6488168520848,645748.7897359031,2,2814,6,DDOS
5751,2634259,3,1130.6526354134007,136494.9934696855,2,2820,6,DDOS
62,2961,22,0.9571822783007162,951.0942422753852,2,7,6,NORMAL
4628,5964086,6,1234.7703347516017,522891.72582539904,1,4884,6,DDOS
38,6334,52,5.306289082548994,312.84584327119995,3,3,6,NORMAL
53,1176,35,4.78580442882972,96.84554316658364,4,5,6,NORMAL
8267,9149141,3,1422.4972617303458,1344116.1669473022,4,1942,6,DDOS
15,2488,49,5.365898143343873,63.646944713864876,1,5,6,NORMAL
6712,6187145,6,1266.465074531061,1484050.1144030022,5,9737,6,DDOS
61,6272,79,2.689854541260031,57.13251328534714,2,61,6,C2_BEACON
44,3903,58,4.118746827183922,498.60879280823735,4,9,6,NORMAL
28,2435,11,1.5983316370827079,237.4082126827841,5,3,6,NORMAL
58,1292,47,0.8700599357817189,179.7936935847492,1,67,6,C2_BEACON
175,36884,25,7.670943978133489,2218.3410268259627,146,277,6,PORT_SCAN
43,1568,52,0.9712052389324037,329.39257863305966,1,88,6,C2_BEACON
373,6873,20,28.165992636836982,1631.6022901228966,117,80,6,PORT_SCAN
6145,8623384,13,1143.2843813329023,482626.853351023,2,2629,6,DDOS
51,4502,6,1.339007939906713,394.8317288218868,3,4,6,NORMAL
63,3534,60,0.8257871250236111,553.3256929927204,2,8,6,NORMAL
8626,4060421,14,760.1945463578686,663771.8790572208,5,5198,6,DDOS
331,16153,7,11.690589266596561,2755.691211899407,144,258,6,PORT_SCAN
75,5514,15,3.340089735594348,411.57665879808945,2,6,6,NORMAL
5462,1274541,11,1385.5434159887,475425.4006279892,5,8289,6,DDOS
31,4875,51,2.3360819386356964,489.14720125855996,3,9,6,NORMAL
241,39509,19,29.294668592245248,1759.537934044,225,232,6,PORT_SCAN
25,7182,76,2.9307985856585397,202.1711221823202,2,63,6,C2_BEACON
46,4808,89,1.31091943985682,408.31324406651197,2,79,6,C2_BEACON
3171,2802564,9,1085.8430366582936,1333266.7109437664,3,4444,6,DDOS
16,3763,11,5.679073819704831,107.03455883781577,3,8,6,NORMAL
56,7260,8,6.624415149330242,852.1015676240398,3,9,6,NORMAL
577,49624,9,23.311515926074247,1224.4544406197056,192,220,6,PORT_SCAN
8852,6743511,12,1088.7816636065045,1239736.9019059076,5,3687,6,DDOS
12,6764,48,6.660659339437877,597.4346353726095,2,8,6,NORMAL
41,4836,24,3.001772259730818,423.729826935911,2,1,6,NORMAL
17,7937,54,1.1709554038363725,595.4266855166046,5,1,6,NORMAL
24,1485,82,0.8507581752499855,266.41945518626693,1,51,6,C2_BEACON
5007,1070305,4,589.0265053210686,758507.5459547335,5,3826,6,DDOS
7285,5102459,6,1317.2006131229882,83520.38218326459,5,5143,6,DDOS
38,5924,72,1.566829005436498,359.06331106765776,1,45,6,C2_BEACON
43,1643,20,6.087417365687049,562.028425183926,5,7,6,NORMAL
49,6808,92,2.381256182579853,390.64125990122403,2,57,6,C2_BEACON
60,7631,24,6.0935361984845215,260.49345594953877,2,2,6,NORMAL
137,19327,28,39.266119611024806,1550.4402722501397,189,248,6,PORT_SCAN
577,48911,16,30.49720261128789,1034.449901747968,193,274,6,PORT_SCAN
6556,7647380,4,348.5257075429689,545530.0287249989,4,4673,6,DDOS
487,22070,26,6.8112103240472734,707.40842325568,86,210,6,PORT_SCAN
771,14606,15,10.172306401066368,1616.7384818446535,253,251,6,PORT_SCAN
78,3740,52,0.7943871668186568,418.02795931935566,1,4,6,NORMAL
28,5112,17,6.77522630550002,819.8811049576478,4,9,6,NORMAL
74,1884,12,3.2494358854988636,668.0133611151634,1,7,6,NORMAL
17,5304,40,4.712625361772961,686.512601495681,4,6,6,NORMAL
6168,3472698,15,1274.2436501118254,1476503.4769641273,1,8580,6,DDOS
47,5758,24,4.122086136315646,814.4537465049464,4,5,6,NORMAL
43,6910,49,2.2714691060549677,221.7687313214198,5,1,6,NORMAL
49,3260,55,2.265741828950913,254.00006792055999,1,95,6,C2_BEACON
546,23958,29,21.698711659788927,836.5138495982276,96,235,6,PORT_SCAN
29,3152,88,2.8253143752412058,449.31288467703297,1,35,6,C2_BEACON
8225,9437547,15,1037.3067574451086,1165222.7894582744,4,1981,6,DDOS
246,29737,28,5.922140884133342,2912.282981438725,145,63,6,PORT_SCAN
65,2154,57,5.204196591742984,842.402712742204,3,6,6,NORMAL
31,1934,10,5.071188401664026,413.4170836860302,2,8,6,NORMAL
31,6566,20,4.36995426422655,574.314775333769,3,9,6,NORMAL
59,1041,26,2.0617860935953836,709.3568676070994,4,7,6,NORMAL
685,33181,12,24.450885348559623,1478.405982119225,207,214,6,PORT_SCAN
43,6335,41,5.20649624674041,521.3401904883823,5,6,6,NORMAL
798,7796,24,39.2101073081444,642.6466878697752,252,112,6,PORT_SCAN
48,4182,89,1.408900654647524,196.70494310124246,2,37,6,C2_BEACON
5698,1992738,8,1391.094467045522,1178202.8790281478,2,4698,6,DDOS
22,6936,23,7.006064508238815,886.1289953937807,4,5,6,NORMAL
5194,7498405,10,440.3288885485124,952910.2002195901,3,8345,6,DDOS
60,6836,25,0.7221924420887383,309.6606771973575,4,8,6,NORMAL
53,6451,50,2.1677239548220166,557.9033464670024,4,6,6,NORMAL
56,2551,119,0.8100257684079575,392.74993489757844,1,43,6,C2_BEACON
38,3176,101,1.435751451382034,224.7889036084599,1,97,6,C2_BEACON
43,7062,32,1.5793414675714534,184.93594799036305,1,78,6,C2_BEACON
37,6515,9,5.926853950583863,803.2589845985659,2,8,6,NORMAL
68,2872,41,2.267761370462364,121.43915214813907,3,90,6,C2_BEACON
6059,2788489,10,1163.7854593469642,966430.6195076983,3,4313,6,DDOS
9835,2728175,15,466.2267432042705,972867.3813369679,4,8357,6,DDOS
42,5086,88,1.9235199785363395,337.3864614057236,1,87,6,C2_BEACON
23,2184,39,6.715615032394018,884.7053701237792,4,2,6,NORMAL
60,5010,106,0.7701979405501511,246.7275032706418,2,35,6,C2_BEACON
45,6829,55,6.908092849791557,372.8814809585807,5,5,6,NORMAL
72,4225,35,1.368261133266398,404.6613581337801,2,93,6,C2_BEACON
383,44998,22,15.990928697327261,660.1087197743265,96,116,6,PORT_SCAN
60,739,52,5.105802030289398,237.45821399313402,5,7,6,NORMAL
56,6857,44,2.2908991866201585,734.953384549727,5,7,6,NORMAL
72,1425,31,3.805159101968947,110.16924417415424,3,1,6,NORMAL
4570,9434785,9,1133.2246754251894,511029.83332683356,4,5006,6,DDOS
49,4574,6,1.1753682128283824,423.58007490763237,4,4,6,NORMAL
35,4250,11,1.5161714426050705,56.42900095419794,4,6,6,NORMAL
69,1545,44,4.505927221493783,911.5824194574299,5,10,6,NORMAL
28,3400,38,2.7361141449006228,143.15327189803872,2,78,6,C2_BEACON
36,2019,78,2.5327863199763634,492.74040480618504,1,28,6,C2_BEACON
72,1247,35,3.1097079222098785,366.64297398183743,1,3,6,NORMAL
208,48433,23,7.581960347957386,2593.5929863513566,272,90,6,PORT_SCAN
589,9411,8,25.224500782496186,2898.9632861075497,121,87,6,PORT_SCAN
618,33856,23,16.106705266747213,1883.5193164154457,108,65,6,PORT_SCAN
8784,1848021,11,1391.938977141588,1320208.9418714496,2,7993,6,DDOS
74,2733,104,1.2573914182998864,312.9056483911724,2,66,6,C2_BEACON
23,6226,43,2.6629181088869567,176.09160415117623,3,55,6,C2_BEACON
54,7051,80,1.12156679435137,87.82108679967627,1,36,6,C2_BEACON
59,3782,44,5.4213142239119225,322.14577217419094,5,1,6,NORMAL
5783,9803049,6,514.2497169612725,81163.44068432038,3,2657,6,DDOS
774,39434,13,9.529768932028894,1310.1915305266548,294,198,6,PORT_SCAN
59,5146,7,5.038211216410891,695.1089540677252,3,6,6,NORMAL
612,28075,16,26.646760228957618,1896.7432799455075,85,255,6,PORT_SCAN
32,4918,44,1.6047451772426478,264.2161122622215,1,89,6,C2_BEACON
3098,7029468,6,850.531118095781,145723.61189160094,3,7045,6,DDOS
33,6231,47,2.97745967221141,867.7520132682002,3,8,6,NORMAL
424,27441,24,22.020325567142898,2255.7270962984257,171,79,6,PORT_SCAN
3378,3672607,11,653.0192952417235,265422.03258825,2,1872,6,DDOS
60,1393,55,2.948826547380024,56.444778772663355,3,24,6,C2_BEACON
68,1191,66,1.8910987180481107,270.840594510407,1,68,6,C2_BEACON
195,20176,11,33.261661185704845,2135.5503749263025,246,233,6,PORT_SCAN
35,1140,55,2.00658584595712,84.6713604802038,1,54,6,C2_BEACON
18,6293,14,0.5685609626799633,530.4462737084118,3,1,6,NORMAL
17,5970,12,3.9904624320644704,201.730983966185,5,5,6,NORMAL
727,10281,22,21.757001974664803,823.6614404340907,235,60,6,PORT_SCAN
25,4019,89,2.439492261219893,496.84088801165393,2,100,6,C2_BEACON
5058,9146460,10,1105.872298152228,843965.6087150516,1,9457,6,DDOS
6225,2132751,5,688.1023027205449,1197352.3243632638,1,5981,6,DDOS
41,1903,9,2.8353316977580754,897.6309494808461,5,8,6,NORMAL
59,7286,29,2.1544431967463495,125.24924651628292,2,9,6,NORMAL
729,24817,30,13.492597939903174,1780.516989028289,82,208,6,PORT_SCAN
30,6489,34,5.3621400403193125,732.6682647830927,1,6,6,NORMAL
7654,7057976,9,545.0455422582567,616422.4124877036,5,7331,6,DDOS
77,2348,45,2.2462741985446457,145.18806109306436,3,8,6,NORMAL
37,5108,115,0.6143554524448245,229.4017859502575,1,56,6,C2_BEACON
50,3786,22,0.9964145390866043,917.4793179762678,5,6,6,NORMAL
18,1723,22,6.805543651683618,372.1947970571952,4,9,6,NORMAL
39,4362,6,5.146601502833971,946.0106792549566,3,10,6,NORMAL
55,7562,54,0.8585302568486853,672.9447991797957,3,2,6,NORMAL
34,5726,74,2.3745657877623745,359.51042390022036,1,48,6,C2_BEACON
69,4605,37,1.1791551819137385,395.67228017046233,1,4,6,NORMAL
21,4135,37,0.6870108097246997,508.53003158947826,5,3,6,NORMAL
47,2151,7,6.4333190992178295,891.5008663371998,3,5,6,NORMAL
54,6105,27,3.165335999349,337.20990102287027,5,5,6,NORMAL
71,6457,70,2.653697842895822,453.1186144879935,1,36,6,C2_BEACON
11,5024,31,1.1990690096114192,992.6442824254586,1,8,6,NORMAL
44,1624,11,5.117577758108692,607.4889736422743,2,1,6,NORMAL
51,5389,8,6.302457123941659,644.0983294310289,3,8,6,NORMAL
55,6327,37,2.739604077257274,264.4819013059863,3,38,6,C2_BEACON
126,44894,29,36.26092763071984,2806.7467068910146,282,117,6,PORT_SCAN
39,1600,24,7.806645684524828,470.9550826648574,3,5,6,NORMAL
25,5806,58,1.6547834332124605,936.0204069373992,3,9,6,NORMAL
46,1323,58,1.9558818356830507,266.10900530842696,2,5,6,NORMAL
73,7723,29,3.134233769738523,406.5801918235207,4,10,6,NORMAL
34,3133,43,4.067217709573021,193.31802286085662,1,8,6,NORMAL
65,1222,9,2.4731899847334384,402.2933697405289,5,1,6,NORMAL
20,7097,116,0.7205792128741377,314.66238049509934,2,97,6,C2_BEACON
65,4785,115,1.976961644737365,282.60696127806,2,36,6,C2_BEACON
5618,6624083,15,1115.1626044564707,1205019.6888532166,5,4639,6,DDOS
33,6635,60,7.445297734223323,882.9060095220273,1,5,6,NORMAL
7250,8289112,5,686.1877594514507,592124.145939497,4,9106,6,DDOS
552,28657,21,11.821101234827255,1965.4710201619323,134,74,6,PORT_SCAN
9557,5773013,4,346.9717931343554,883867.4928920965,2,2438,6,DDOS
634,43490,25,31.811901989602504,1325.4004749591593,247,268,6,PORT_SCAN
36,1888,45,1.4872656096308952,448.5198356048163,1,31,6,C2_BEACON
79,3847,21,1.9176576028840304,723.6913953458024,1,10,6,NORMAL
45,2347,14,3.0633961463631305,423.20426683191334,2,2,6,NORMAL
22,3060,32,2.8439267835640085,292.14530665864027,2,8,6,NORMAL
360,41773,22,27.455977410658186,1006.4702793485692,201,89,6,PORT_SCAN
46,2945,48,1.3107839793938258,110.64520120225441,3,6,6,NORMAL
43,1003,45,4.048703989655213,210.62527890665075,1,5,6,NORMAL
21,7914,59,6.720171329130634,364.9723966896629,1,8,6,NORMAL
386,10141,11,36.92172244041862,2603.563379048154,183,109,6,PORT_SCAN
31,7780,117,0.6783403766718106,164.04525565854988,1,74,6,C2_BEACON
55,7168,33,1.2686000475348245,874.6336049716898,5,4,6,NORMAL
67,5327,22,6.5707284250837,56.173821694157965,2,7,6,NORMAL
308,7178,30,9.919690759965668,513.0907140590436,248,154,6,PORT_SCAN
63,3493,39,5.622065367518196,774.5896410008064,1,1,6,NORMAL
3219,3632173,6,383.38924269090865,1446342.1062346282,3,4373,6,DDOS
58,1292,27,6.856207747605948,623.5397297985465,1,8,6,NORMAL
56,6997,82,2.863722548314065,196.2591396601172,1,41,6,C2_BEACON
46,6790,27,5.033301735744528,171.0243018906726,1,7,6,NORMAL
76,7057,41,5.581511641820227,639.2594586318378,1,8,6,NORMAL
16,6965,45,5.354790177269802,112.61626156573159,1,9,6,NORMAL
4337,1387318,7,733.3961375312269,972558.3458136892,3,1798,6,DDOS
15,2656,33,3.987934671159879,264.9301662685335,3,10,6,NORMAL
80,1340,50,6.844192075500788,858.6077456805399,3,2,6,NORMAL
31,5177,43,3.4217470541994404,615.4322736784994,3,6,6,NORMAL
288,20396,22,14.109503394060027,2031.9001429028892,162,269,6,PORT_SCAN
8498,6722689,5,1461.6693725486928,861362.5635179224,5,3938,6,DDOS
797,32260,7,27.466045952786775,2689.6328457274362,86,56,6,PORT_SCAN
229,25927,9,31.356218944821954,2719.4960312946455,297,279,6,PORT_SCAN
136,20407,27,20.40970934738802,2410.479952651318,293,79,6,PORT_SCAN
21,2027,17,4.254881171516591,485.0869490403917,1,1,6,NORMAL
3359,1629631,6,793.3162030714831,1162940.439718665,4,2668,6,DDOS
36,2825,104,2.1863457815307905,196.9786754963094,2,45,6,C2_BEACON
37,2908,57,2.4308633423474575,62.28339792631918,2,35,6,C2_BEACON
606,49872,22,35.4589501989787,2928.8460439999685,92,162,6,PORT_SCAN
75,2336,12,7.888494100476449,802.4623899305838,2,8,6,NORMAL
75,4150,36,0.8288874568287631,903.3675284605606,2,6,6,NORMAL
382,22009,20,9.452786802945003,2075.8454459625355,87,273,6,PORT_SCAN
27,2334,56,0.8008958127479211,270.09879189199876,3,65,6,C2_BEACON
68,1569,93,1.5013996911255898,77.96770361144617,2,70,6,C2_BEACON
677,38926,21,25.293987227886735,2610.163568110085,159,123,6,PORT_SCAN
71,2075,20,2.5925479694131752,333.57420313077927,3,5,6,NORMAL
5135,6905244,13,1384.3919202386085,630086.0945977138,1,5164,6,DDOS
4542,8465447,4,694.6096351997405,1444810.311904,3,2527,6,DDOS
228,40233,12,32.17568950224147,1519.043599704376,199,220,6,PORT_SCAN
28,6528,51,4.1262756179557325,390.85576190351566,2,8,6,NORMAL
590,11140,20,11.352974035431844,962.5700566097718,270,95,6,PORT_SCAN
63,5815,56,1.7508404690617634,175.88599742473195,1,3,6,NORMAL
24,2649,47,6.969774105929805,551.3292686463935,3,10,6,NORMAL
113,23793,8,10.45605675950667,2702.8928556005335,58,204,6,PORT_SCAN
77,3267,32,7.1598053287778125,995.698789336532,3,8,6,NORMAL
21,5434,64,1.012821914289264,352.99002320456447,2,87,6,C2_BEACON
613,14667,28,14.3322573821165,931.4630747474519,61,120,6,PORT_SCAN
68,4138,56,4.79776197940662,133.61886861741357,4,8,6,NORMAL
769,21004,21,36.25424667718808,1297.1473726960212,188,178,6,PORT_SCAN
5864,3623208,9,725.4387886124587,196939.7792567724,4,4236,6,DDOS
22,4125,56,2.7508017474671735,102.34896142736454,2,20,6,C2_BEACON
30,3481,28,7.384525918377204,418.04573154696016,3,10,6,NORMAL
54,7102,54,1.0702790727322757,126.74882277261288,3,65,6,C2_BEACON
4012,6365386,4,544.4804537430981,461968.85006092256,2,9335,6,DDOS
52,6254,44,2.5092174337060524,427.0439527859289,1,51,6,C2_BEACON
620,26871,6,20.446920913015383,1424.4516882638018,62,216,6,PORT_SCAN
10,4759,56,4.538389978195939,733.4584991876033,2,6,6,NORMAL
8720,7241225,14,1302.5053908345449,1391303.819428022,1,3013,6,DDOS
78,2437,74,1.6550885662557424,455.7032666345002,1,70,6,C2_BEACON
78,6773,13,1.462935983748221,501.51825919379473,5,3,6,NORMAL
8851,6836179,11,1185.0147865501044,202579.0361715711,5,4154,6,DDOS
28,2483,45,1.4033373326086331,410.58490460653223,1,25,6,C2_BEACON
67,4912,35,3.0884295626975566,574.3215462172705,5,7,6,NORMAL
52,2183,17,3.5695989931298433,576.406810700418,5,5,6,NORMAL
31,6991,16,4.6247409992790125,529.4581414806636,2,9,6,NORMAL
794,46749,17,19.789715066321016,2917.267037633114,75,278,6,PORT_SCAN
4145,6434735,14,820.752185635062,570893.2819305776,2,2813,6,DDOS
71,548,27,2.739594892792876,420.4873156605329,4,9,6,NORMAL
8392,9423120,5,1454.8521192578098,448695.6655293532,2,5018,6,DDOS
69,5420,117,1.9671811520021145,438.23033238238764,3,26,6,C2_BEACON
34,7213,59,2.874915055048293,479.4894590356753,1,84,6,C2_BEACON
49,1805,98,2.704101770770039,72.98725987588053,3,29,6,C2_BEACON
643,28085,17,6.047898262834163,949.7605899170126,132,159,6,PORT_SCAN
46,6836,59,2.8302333053555855,132.0662463116409,4,1,6,NORMAL
32,7504,81,0.6039759695217274,76.38088325019719,2,95,6,C2_BEACON
73,4815,82,0.9375572311302109,55.97107864575316,1,28,6,C2_BEACON
32,4403,25,3.151534446621283,899.6004402266964,3,3,6,NORMAL
431,20173,29,33.299441912057915,2331.6176309362972,110,76,6,PORT_SCAN
74,3157,48,2.2897202510417243,289.77248861797034,2,37,6,C2_BEACON
72,3269,95,1.9186341021301818,139.63550679061967,1,74,6,C2_BEACON
128,41628,5,38.51221138117417,1552.2965544542108,243,85,6,PORT_SCAN
34,7091,53,4.906877666207323,687.8779961236413,2,8,6,NORMAL
64,2224,31,5.755344701122255,403.69414647537525,4,5,6,NORMAL
69,6673,85,2.7234924514122962,230.65973079675453,2,20,6,C2_BEACON
126,33666,5,27.01129441671914,1983.2204795079047,57,208,6,PORT_SCAN
3446,1563158,8,714.2718981421945,755029.0124647516,5,3010,6,DDOS
4232,3926849,11,1442.5257202441353,82900.88940483099,4,9870,6,DDOS
240,23248,28,28.405045115025285,2921.098935487143,255,70,6,PORT_SCAN
9732,699493,10,1084.9092410145427,1484448.208687326,2,7512,6,DDOS
77,2870,55,1.4089008283660576,64.7782387533862,3,32,6,C2_BEACON
596,7771,10,14.908140268559197,560.610905848541,211,247,6,PORT_SCAN
29,694,34,5.876512128769348,85.99199900884071,1,1,6,NORMAL
25,6618,53,4.091906572567743,280.4635227534544,5,4,6,NORMAL
60,3627,67,2.2785204535868364,476.9427985247952,1,65,6,C2_BEACON
7786,8868933,13,808.1066339896181,688115.934648185,4,7830,6,DDOS
41,7449,12,3.9234636910262943,811.3457716361512,5,9,6,NORMAL
25,2530,19,0.9801942224475869,69.98254700670594,5,4,6,NORMAL
68,5515,43,0.9127146476483001,682.7755999163451,2,2,6,NORMAL
32,6470,5,7.615910781659657,951.2632518574078,4,10,6,NORMAL
32,5745,36,3.792290364059269,241.62188066571386,5,5,6,NORMAL
49,3487,55,7.791471987629453,87.90013420565725,3,4,6,NORMAL
48,7406,49,4.608544785196383,348.2152553370642,5,4,6,NORMAL
15,818,13,5.85193884743605,813.7675624345014,5,8,6,NORMAL
62,5022,55,4.6817200639732794,219.78361794130734,5,9,6,NORMAL
139,33401,8,37.63288002221755,2485.4934983197004,131,98,6,PORT_SCAN
14,5064,40,0.5012728660875233,136.3507695659556,5,10,6,NORMAL
34,6271,9,0.8436828774174666,266.5033618689695,3,2,6,NORMAL
7045,6590115,3,636.907629604678,1361536.0056673673,5,4425,6,DDOS
14,5177,46,6.7722464495486845,675.02519537072,5,10,6,NORMAL
6256,2982120,14,1324.5648839560788,585963.4523083515,3,1199,6,DDOS
78,7069,47,6.692026318148427,773.7666389725517,5,2,6,NORMAL
541,7622,27,32.096125028286664,1469.0856791867059,103,206,6,PORT_SCAN
41,3527,23,1.6831012426792398,842.0577069078166,3,10,6,NORMAL
73,7153,49,1.8520539168676728,479.8087047364525,2,45,6,C2_BEACON
72,5048,53,2.3024295209316166,502.2884552449565,4,8,6,NORMAL
68,3335,14,2.567372958463455,940.5398430783134,1,1,6,NORMAL
4315,8899251,15,1174.264907356707,400642.6571467397,5,2119,6,DDOS
46,6663,52,6.378502695761321,272.30279711865325,2,5,6,NORMAL
12,3160,15,6.509916157328392,637.2190001390283,3,2,6,NORMAL
3025,7221990,6,1053.9555278916437,504896.6138431694,1,2815,6,DDOS
43,2763,112,0.976963612641025,240.42454796903516,2,29,6,C2_BEACON
143,28247,9,21.376748762166844,2307.6631698450105,120,52,6,PORT_SCAN
23,1530,36,2.2450597314204765,982.5919254156419,3,8,6,NORMAL
7080,948771,5,759.159579318022,1034846.3250256034,2,5960,6,DDOS
41,2905,102,2.49604086346866,278.57971955702084,2,38,6,C2_BEACON
572,40771,10,18.158808033050597,2689.803697799376,161,74,6,PORT_SCAN
71,3553,67,0.7694373084056007,357.36442343285336,3,86,6,C2_BEACON
58,4174,60,7.37836307511296,408.6215321485941,1,9,6,NORMAL
50,1927,50,7.765571722498757,708.8823783779159,5,6,6,NORMAL
26,5989,49,6.717192296708484,751.8359385230086,5,2,6,NORMAL
28,7376,8,5.6794613777300755,330.38353766352566,5,1,6,NORMAL
269,14274,14,23.31379342061159,1011.1546032654815,207,293,6,PORT_SCAN
34,5842,85,2.1640712184040654,96.78445420254872,3,82,6,C2_BEACON
7378,8753698,4,1254.6485575299073,532561.6204314968,2,2059,6,DDOS
50,2639,11,1.0565030132499449,211.59994299363117,4,3,6,NORMAL
55,5969,102,1.439555850003433,283.5350535189886,3,68,6,C2_BEACON
23,4577,17,5.067513570175471,789.0609707671717,5,4,6,NORMAL
9813,9544926,15,1329.3673943090325,470593.87217319076,4,5809,6,DDOS
702,23304,29,8.391451076635896,1243.3713319393519,137,62,6,PORT_SCAN
6562,990260,5,1414.8041718807879,523426.1528316165,4,5593,6,DDOS
6480,2374387,4,322.56769336484933,752169.597507524,4,1696,6,DDOS
66,6224,42,1.4547824880598534,491.1199191691695,1,63,6,C2_BEACON
38,2134,57,7.388389259221213,382.17550322362274,2,4,6,NORMAL
477,21630,21,37.254738364031965,2016.9360353244062,58,215,6,PORT_SCAN
54,2336,46,1.0146377783957705,959.4213226375499,1,1,6,NORMAL
32,7006,21,4.68563153988358,596.2141795496519,2,5,6,NORMAL
755,6358,9,39.25231031597527,2640.663810451619,218,86,6,PORT_SCAN
27,2301,92,0.6662507873654095,291.62286741525196,1,52,6,C2_BEACON
67,4316,48,4.380200088648952,171.91788020776315,5,10,6,NORMAL
630,48511,24,21.952419384916404,1174.843614656183,182,236,6,PORT_SCAN
703,32347,13,15.82631540797683,602.7499433516865,183,229,6,PORT_SCAN
62,3912,40,4.474938605023143,418.9980963670879,3,4,6,NORMAL
224,43313,26,22.878730489892657,2292.3784452121754,229,102,6,PORT_SCAN
417,15677,10,33.61247203347762,2218.4170635011433,98,67,6,PORT_SCAN
7633,3223988,6,1215.5410269167835,1437790.4710927955,3,9349,6,DDOS
656,18491,20,29.68393151262888,2533.5620894461554,279,284,6,PORT_SCAN
58,4765,48,5.093362950125791,644.2483704700853,2,7,6,NORMAL
9551,3218341,12,548.6503089886057,1051511.4459128585,1,8911,6,DDOS
79,5681,112,1.4651368722779385,358.52449370341066,2,77,6,C2_BEACON
30,3314,19,2.851115475420555,670.3624425589184,3,10,6,NORMAL
50,1479,52,4.518979740378123,774.0801290098979,2,4,6,NORMAL
61,1482,41,2.3466151084146865,614.7931958567691,5,2,6,NORMAL
19,988,15,6.444714246743088,615.2918354534345,5,5,6,NORMAL
20,7736,8,1.6668492755336626,766.7140851687361,1,2,6,NORMAL
9412,2572044,5,931.7708080559439,1319492.290127999,5,9021,6,DDOS
10,3232,54,1.481147455262767,980.8080561373941,2,8,6,NORMAL
63,4886,48,7.001705102791718,501.08316871582394,2,8,6,NORMAL
74,3033,47,3.5629468146441265,432.2803677048384,3,9,6,NORMAL
30,1816,93,0.9828992412146806,119.86367925110352,3,63,6,C2_BEACON
723,18020,27,22.691304082600794,932.4205338079425,241,265,6,PORT_SCAN
40,7778,119,1.1172383911080113,292.22394124069297,1,32,6,C2_BEACON
605,21516,18,15.90092350481368,1344.671201600198,88,59,6,PORT_SCAN
6824,3319458,10,1446.061466178405,749144.3906786371,5,4946,6,DDOS
13,1579,5,3.186817094123996,799.009957731031,5,6,6,NORMAL
13,5661,43,6.49485299955853,724.2936838452462,3,9,6,NORMAL
14,2724,31,1.150983387439759,883.1962959897528,3,8,6,NORMAL
33,4953,27,2.92760656768842,494.97498505978456,5,9,6,NORMAL
52,3872,49,4.216017657232533,679.4543601418574,4,9,6,NORMAL
45,6773,54,4.409748596209866,645.4110151326922,3,8,6,NORMAL
711,5719,29,36.839045515799555,969.3595236482354,101,213,6,PORT_SCAN
45,7441,50,2.115211561676287,225.94984893603163,1,51,6,C2_BEACON
67,7787,10,3.358032488096343,322.19739772799966,2,3,6,NORMAL
79,3674,16,3.2826539363056058,412.37292774715706,2,8,6,NORMAL
8134,8289590,14,1060.0827634456482,1297554.8439442536,1,7305,6,DDOS
583,44704,26,11.313108803043985,2271.250458944817,179,248,6,PORT_SCAN
39,1090,7,6.0159479272509255,514.4499776597318,1,8,6,NORMAL
55,4965,108,1.4720216375942823,273.9265732208588,2,27,6,C2_BEACON
15,3030,55,3.8061739262210867,600.5951150999826,2,2,6,NORMAL
10,7920,10,0.6425291368322779,254.8720072449367,2,9,6,NORMAL
7478,1811290,15,631.7099415654473,380225.3089300781,1,2168,6,DDOS
21,3800,37,6.123517871548925,709.9684349411674,3,8,6,NORMAL
641,17602,7,25.37377812600513,2072.789157923913,221,74,6,PORT_SCAN
38,764,31,6.23404140596176,64.26354742916917,3,7,6,NORMAL
7132,5969592,9,841.1231800750414,416511.59637190046,5,1731,6,DDOS
455,23664,10,9.149287716109383,1184.6212500079669,162,107,6,PORT_SCAN
41,1334,49,6.293606637134181,857.7785771343565,5,2,6,NORMAL
27,1460,120,0.8467873521059994,463.10097713566444,1,43,6,C2_BEACON
72,7788,58,1.0996760242465402,810.96895156034,1,6,6,NORMAL
46,1261,30,5.552734375863603,830.0209550179036,1,9,6,NORMAL
51,3315,103,1.3343814245308534,80.1992653347195,1,92,6,C2_BEACON
791,25815,18,18.698243784279143,1604.8788656517727,152,116,6,PORT_SCAN
48,3659,68,2.0899567498940055,318.1005075593105,2,24,6,C2_BEACON
51,7477,20,6.730482641679526,132.32975315289067,4,4,6,NORMAL
45,2341,39,2.6650273260590978,791.703187558467,5,8,6,NORMAL
19,4230,31,7.146026817882362,596.8873544388522,4,8,6,NORMAL
63,3814,29,6.025490718073342,603.8725172926895,5,4,6,NORMAL
241,44685,13,32.85495821417109,1353.9295068726751,80,70,6,PORT_SCAN
52,1051,40,0.939627281840711,138.97422491362477,1,89,6,C2_BEACON
3191,967937,15,947.9191713854992,425100.76127903664,3,7926,6,DDOS
72,747,9,4.065007715274788,383.8687796497306,4,3,6,NORMAL
6481,6826402,12,488.65120353250705,1271525.8202884768,3,2388,6,DDOS
58,4377,94,2.1014874407165314,148.21620242249583,2,64,6,C2_BEACON
27,6438,48,2.7729620606620586,93.68102021554918,1,37,6,C2_BEACON
22,6701,87,0.8222206172153916,360.27471758677484,1,34,6,C2_BEACON
67,3891,15,1.87914649327538,71.94603770068221,2,5,6,NORMAL
72,2021,41,2.923109452707633,278.01649913920045,3,86,6,C2_BEACON
32,3248,9,1.4055911716386689,184.17496248835752,4,3,6,NORMAL
52,3644,53,6.048088781905394,800.9731809724424,1,9,6,NORMAL
74,6815,39,6.76339869975917,889.4980572179336,1,6,6,NORMAL
45,2105,51,0.6208611665119769,120.15923470960334,1,50,6,C2_BEACON
56,4703,56,6.124234881964173,201.98739025853519,1,3,6,NORMAL
6010,8847387,8,627.6233588073037,85841.38497986126,4,4830,6,DDOS
71,7242,43,1.1074025682064634,129.6982479693348,1,39,6,C2_BEACON
29,1722,56,4.721296978134232,338.6437362501163,2,2,6,NORMAL
64,1338,52,6.725530374069048,763.7782200064886,3,1,6,NORMAL
80,7666,40,1.5603039966841312,89.68448344452929,5,10,6,NORMAL
77,3967,12,6.321294744765473,275.758215308887,1,1,6,NORMAL
78,4339,35,1.8486873056187623,393.12603264546664,3,87,6,C2_BEACON
130,14626,16,9.944712242221573,1112.614510153705,53,195,6,PORT_SCAN
31,6818,44,2.2835742281417324,122.93910561547614,3,25,6,C2_BEACON
24,5120,18,3.9877548757641557,293.4315117340773,3,3,6,NORMAL
616,32222,5,5.515962436741732,2575.6287973690396,204,285,6,PORT_SCAN
23,2536,17,1.9265668133060863,476.1828704414753,4,3,6,NORMAL
34,6400,40,2.357963094390727,372.770630432124,2,98,6,C2_BEACON
77,2245,50,1.53796467405633,289.53733116093406,3,72,6,C2_BEACON
55,7464,9,6.4675844498588395,427.8300747792306,4,4,6,NORMAL
6438,3075158,8,1490.9387897352938,678759.3405653965,1,5055,6,DDOS
665,36599,6,18.549367649844683,1443.0695268407562,82,160,6,PORT_SCAN
56,1373,14,3.695536918094899,606.101675636702,3,9,6,NORMAL
381,47052,20,18.94029007507196,2989.3446209933436,230,114,6,PORT_SCAN
75,5282,34,2.8504925034696744,415.9223020996844,3,75,6,C2_BEACON
24,704,52,2.5627198877683943,262.0502012413816,1,9,6,NORMAL
66,576,5,5.7169783046603655,826.2535755676336,4,3,6,NORMAL
4448,9839314,13,1332.4328432623965,489414.628839607,2,9052,6,DDOS
8309,5736161,12,401.9300840233774,1047587.3298568676,3,2875,6,DDOS
575,25899,26,8.97377026949264,2242.4214519204443,230,82,6,PORT_SCAN
27,1735,19,3.372764693235036,195.1650032482906,2,2,6,NORMAL
8207,1958649,7,787.8177413694119,503468.5229927757,1,2302,6,DDOS
505,15835,19,5.029512331271924,868.7275238410853,276,94,6,PORT_SCAN
42,2091,12,1.8601848858023755,809.6770509252548,1,9,6,NORMAL
73,7736,35,1.408433169115883,372.4810810187865,3,100,6,C2_BEACON
21,5075,56,1.2651620433415154,331.3906194115643,2,99,6,C2_BEACON
5673,1423311,12,1069.5751833482063,895975.5902240355,2,5553,6,DDOS
5978,9633971,5,807.6615927556434,1420581.3028241028,1,5068,6,DDOS
77,5741,45,4.503380982745139,913.4769941107174,4,9,6,NORMAL
359,43461,18,15.271574118255623,2566.716046580152,215,293,6,PORT_SCAN
69,7369,81,1.875175889740068,208.41107918379018,1,73,6,C2_BEACON
615,41150,28,32.80032604495625,726.8937511979127,247,103,6,PORT_SCAN
49,1938,36,0.7847280590007478,103.35957796120782,5,4,6,NORMAL
20,6890,8,7.41403622390152,367.6701622496075,4,7,6,NORMAL
60,3114,23,6.0115577408088985,651.2573388699959,5,4,6,NORMAL
15,2382,18,7.259547192684387,707.6733268289014,5,8,6,NORMAL
688,38224,17,29.020452729718553,528.9716475855442,217,295,6,PORT_SCAN
74,5041,59,2.284569871512547,413.788329551749,1,32,6,C2_BEACON
33,4494,18,3.1611872463207145,295.43478841574415,3,10,6,NORMAL
521,11794,20,31.24802877240208,2059.5642277454754,189,75,6,PORT_SCAN
37,3212,32,2.2571918212479103,265.876248318536,3,39,6,C2_BEACON
56,3715,19,7.185781577908146,610.120717037957,3,3,6,NORMAL
69,7216,52,2.5893485319099963,63.26939979369305,2,35,6,C2_BEACON
74,1237,19,3.7395175261301743,797.0498835638633,2,3,6,NORMAL
9748,3232048,5,906.9430690448639,752908.3835420632,4,3119,6,DDOS
54,5755,37,3.4975878827004565,982.0922028383471,5,6,6,NORMAL
7804,2925991,3,584.8648265639649,1237816.492550102,5,1894,6,DDOS
25,2008,25,6.796418824026628,188.24668929521403,1,6,6,NORMAL
63,1539,102,1.1560932607790253,427.8763293741553,2,65,6,C2_BEACON
45,768,49,3.2789746905082655,471.21393175766656,2,6,6,NORMAL
6154,2430745,7,372.75837348404326,723994.123205733,4,2072,6,DDOS
74,3649,34,4.852470555583929,956.5199028866507,1,8,6,NORMAL
68,3136,60,1.9148928028032906,712.6235062395427,5,7,6,NORMAL
8563,6664643,5,315.3430133943854,1027530.4225302497,1,7494,6,DDOS
33,7785,39,7.927426556598923,959.3750492170113,5,1,6,NORMAL
591,46795,22,12.624487499157942,646.4620899329019,290,70,6,PORT_SCAN
29,2547,48,1.0153604281783415,131.7140243605034,1,88,6,C2_BEACON
8721,4878351,11,379.64068071713746,660262.2715612359,5,6353,6,DDOS
40,7022,111,1.3669693657569892,128.28322918039044,2,67,6,C2_BEACON
76,3229,35,1.453754276744601,451.0025364529607,1,100,6,C2_BEACON
3035,660702,13,508.24322473850566,855896.4490751836,4,7435,6,DDOS
7655,7324064,10,400.69002669702036,971908.5419597249,2,3332,6,DDOS
54,2420,112,1.2841340776394503,71.58021398210123,1,26,6,C2_BEACON
424,16089,23,30.2747437585185,1415.6414217565293,53,290,6,PORT_SCAN
57,3410,18,5.5263138078327,716.7292977856238,1,10,6,NORMAL
73,2699,25,6.7125771278660595,370.867397412248,5,3,6,NORMAL
179,19718,23,22.622356041695575,1936.0981179461696,190,237,6,PORT_SCAN
74,6106,31,6.69885639191947,625.2354669681463,2,8,6,NORMAL
12,3425,55,1.0066966830642419,279.06962816636235,1,10,6,NORMAL
57,7852,29,6.651985567118972,770.5198884454194,5,2,6,NORMAL
538,27414,29,15.391674382676666,996.5132726221577,291,157,6,PORT_SCAN
54,939,11,3.7781618963262438,846.7409247325162,3,10,6,NORMAL
41,5435,79,1.689007217620922,300.9457052175347,2,63,6,C2_BEACON
79,3938,112,1.66638793518336,389.1664917964138,3,41,6,C2_BEACON
228,18884,17,26.66653161466039,1047.2660324031663,97,260,6,PORT_SCAN
24,624,44,4.697193226631395,147.25652818566937,5,6,6,NORMAL
72,1436,42,4.970566201745072,359.1091895649829,1,8,6,NORMAL
44,7087,20,4.665050355655257,863.4933018076362,2,3,6,NORMAL
121,29850,7,32.31517340738749,1333.2202008409156,140,246,6,PORT_SCAN
37,5645,52,1.6353059813321074,441.1243996416942,4,4,6,NORMAL
708,11383,14,24.790519005442977,2226.4822559674753,271,65,6,PORT_SCAN
298,47932,24,30.81087712633316,1331.6624693064675,222,267,6,PORT_SCAN
6434,7244488,13,1140.9484733963945,1316642.2280763714,3,6638,6,DDOS
6616,6481414,14,973.0254246461348,713751.5713634595,1,3425,6,DDOS
52,2714,22,6.517372706808715,292.57672296185876,5,7,6,NORMAL
35,7247,30,3.2917980786199825,648.7826711736333,1,10,6,NORMAL
455,23901,8,38.931446152118745,1747.3175474858474,225,87,6,PORT_SCAN
34,4587,52,1.997499043207319,748.6576119806891,3,4,6,NORMAL
50,968,8,4.881331958442284,527.7078637735378,5,3,6,NORMAL
79,1608,30,3.6016947882321246,478.3415621047206,2,8,6,NORMAL
61,5209,5,2.458306292539543,436.77789480184157,1,9,6,NORMAL
35,1294,6,2.0521473719272123,656.2811261208421,1,8,6,NORMAL
4899,1518455,11,322.8235908329892,885784.8603873156,5,2040,6,DDOS
4138,2653282,7,1432.024801413462,64037.673359440996,3,6567,6,DDOS
54,4488,55,4.115825672848445,624.0004312714025,5,3,6,NORMAL
51,3573,107,2.708033754235323,140.02625287220923,3,44,6,C2_BEACON
35,2314,71,2.307122872763922,473.67237079567303,3,80,6,C2_BEACON
69,1890,59,1.0330411215722621,275.80085163878437,2,87,6,C2_BEACON
4903,4086633,4,727.8915911021932,301751.25875876925,4,6181,6,DDOS
4292,4687652,11,1156.2767294317296,1163030.6717336252,2,7722,6,DDOS
4081,8450805,8,804.1559676277045,1119678.4036963615,1,5776,6,DDOS
31,6502,55,3.1413212624899503,182.96060215158644,5,8,6,NORMAL
62,3678,33,5.226629484693409,461.3737829073074,1,7,6,NORMAL
5787,3656740,14,1430.4092119584043,880616.563806077,2,6134,6,DDOS
40,6093,93,2.0986875106802607,390.4540153012676,1,53,6,C2_BEACON
63,3844,14,2.7491637082655083,224.68502980988688,5,8,6,NORMAL
30,6895,9,2.5796561116598142,109.26801088198312,4,6,6,NORMAL
20,7410,53,7.6373303129945596,103.23642718179818,4,2,6,NORMAL
13,4448,12,2.433648236145503,413.53958362325056,2,4,6,NORMAL
8294,8155554,8,1140.3798476693582,1081889.503813556,3,7407,6,DDOS
9465,4862201,6,881.0917351117936,1457549.8701469013,1,3430,6,DDOS
23,7976,33,5.865502383131324,148.12276015518495,1,2,6,NORMAL
78,4904,44,1.64510332853353,129.41722008892552,1,9,6,NORMAL
76,1058,55,4.288552628422369,445.13468158190057,5,7,6,NORMAL
47,6294,71,1.4888442452624147,196.9747094503561,1,56,6,C2_BEACON
429,42048,24,19.228699918836185,513.9294242140817,226,103,6,PORT_SCAN
51,6454,37,1.3834235176712166,97.70517632445491,2,81,6,C2_BEACON
8251,1695114,9,1361.9994971647282,1489085.0803727263,1,7304,6,DDOS
464,19370,28,38.78296125523108,941.8380978701114,298,54,6,PORT_SCAN
173,27732,20,28.44568372454508,2925.5641659056573,56,106,6,PORT_SCAN
74,5094,41,1.3344081668519356,327.3812271073881,3,49,6,C2_BEACON
446,10568,11,9.873053445032907,2399.179379695118,278,163,6,PORT_SCAN
6811,9094331,12,703.6487766453834,704169.2445274362,4,7700,6,DDOS
7026,890292,8,824.4209037468553,651657.8140473556,5,6199,6,DDOS
26,7321,110,1.996116248352627,154.48152830593023,2,58,6,C2_BEACON
4993,4050743,5,1203.903024889915,1006630.3984438482,1,2728,6,DDOS
4540,2876783,7,1327.3022070463996,362058.7642361465,2,4539,6,DDOS
603,16112,8,12.858286004966264,2891.1662205280563,122,141,6,PORT_SCAN
65,5552,115,1.2790133768460674,465.3734686229916,3,96,6,C2_BEACON
4907,7133663,8,949.1933409495923,1439215.2635167805,4,5544,6,DDOS
572,12023,28,8.856971214858337,541.4698364976429,167,97,6,PORT_SCAN
8274,9884383,4,530.9120800063162,947120.8794836683,5,1866,6,DDOS
30,2140,46,2.3508909825011517,476.00259313242645,3,23,6,C2_BEACON
59,7190,85,0.6998790292820896,393.995213541298,3,77,6,C2_BEACON
9740,6561063,10,417.58539807695075,1081878.6100838599,4,2342,6,DDOS
77,1218,35,5.9305560340352885,624.5391200274012,3,7,6,NORMAL
80,4152,15,6.077415816196886,500.94071498190067,3,4,6,NORMAL
5692,935572,7,1117.5748137950998,1036927.1436846767,4,7120,6,DDOS
58,6772,40,7.4461019194449305,291.3846708238729,4,8,6,NORMAL
221,27073,15,25.701730074782002,2041.5739846932104,234,61,6,PORT_SCAN
508,36036,12,13.840116935357717,1433.0369457777947,136,173,6,PORT_SCAN
30,4870,19,1.5228609524716008,421.44293715754077,5,5,6,NORMAL
38,7199,101,1.84563589799978,229.087054567873,3,29,6,C2_BEACON
21,2577,115,2.316238126359507,218.15700513012183,2,97,6,C2_BEACON
29,2439,60,1.7187632532532897,809.8926784115519,2,7,6,NORMAL
14,4225,10,2.8588786787762595,357.110096962195,4,9,6,NORMAL
9653,7316395,15,340.6580174628184,1306344.653041192,4,8718,6,DDOS
58,4065,39,2.084120560203915,214.7396009499419,2,4,6,NORMAL
67,2102,18,5.611375909899846,350.76783139071284,5,5,6,NORMAL
25,7625,54,2.200382535216137,670.1402240023333,5,1,6,NORMAL
6114,528160,7,374.261923939524,826624.408552748,4,7941,6,DDOS
4251,9775319,14,510.83918145857797,601652.8440437785,3,8431,6,DDOS
646,20611,14,6.368173639375992,870.34869086083,276,121,6,PORT_SCAN
7155,2268504,5,1055.911339384848,1312760.7375220212,3,3572,6,DDOS
16,1876,41,3.7486728292900353,738.2093047741707,4,1,6,NORMAL
30,7600,79,1.0078530226221545,327.33348539358565,1,31,6,C2_BEACON
77,1543,51,7.84043282769752,843.0805310852797,1,5,6,NORMAL
14,1969,59,2.858635199199882,963.3957303822056,5,3,6,NORMAL
4133,6119187,6,947.5605915208846,991105.6804941259,5,4437,6,DDOS
678,25679,18,12.908613303561763,970.6132276505123,276,101,6,PORT_SCAN
7981,6900271,11,685.9643892962825,691423.2906936455,1,2058,6,DDOS
14,5789,13,4.1112164234027055,645.8404633223045,5,6,6,NORMAL
20,3764,37,3.758683333573404,712.9769904453784,2,8,6,NORMAL
27,5297,115,1.1647187952990241,288.7336846738001,2,37,6,C2_BEACON
76,6914,57,5.905741385700942,208.6148064827618,2,5,6,NORMAL
110,14092,8,39.77391299828936,2653.4719259962235,235,161,6,PORT_SCAN
50,3817,54,2.071782303406407,417.6452699069,3,71,6,C2_BEACON
57,2506,57,0.7371155101133391,226.08123989797906,1,54,6,C2_BEACON
29,7078,115,0.9540367306222768,445.58483523301425,1,40,6,C2_BEACON
35,3294,107,1.9652859116907968,76.69256996846168,1,63,6,C2_BEACON
42,546,26,3.997485036571843,940.6197279473051,1,3,6,NORMAL
38,5805,9,5.265529417834543,491.05415950654634,3,7,6,NORMAL
3782,9374478,8,1140.5466428890054,1304827.6067442836,5,5440,6,DDOS
3728,8258202,6,614.1397985928756,1285154.763197125,1,7570,6,DDOS
64,6206,51,7.965670171195354,577.9799072353374,4,3,6,NORMAL
331,49853,17,29.036820090918518,2287.127998150603,280,78,6,PORT_SCAN
33,1533,80,2.1950481641558,63.45415165068597,2,75,6,C2_BEACON
64,1596,21,4.07855927753405,270.8872460915229,1,5,6,NORMAL
43,3605,25,2.0874521315861116,360.50351463724314,4,5,6,NORMAL
47,3176,52,3.6162732006408307,240.7550549175724,5,6,6,NORMAL
4074,5422335,14,1153.6622231337835,1441714.8840013784,3,8738,6,DDOS
73,4952,56,0.5431291167429043,888.5677745103349,2,4,6,NORMAL
28,6327,25,6.713613520239744,773.3999081058641,4,8,6,NORMAL
30,1820,117,0.914088790023836,335.4406795391691,3,48,6,C2_BEACON
78,2224,44,2.9822420055983376,405.93539239605127,3,45,6,C2_BEACON
78,3128,91,0.8952454993229668,148.6115480522895,3,86,6,C2_BEACON
9195,7214837,8,870.9915399552315,924589.8770369684,4,8938,6,DDOS
732,47990,6,13.143535882276515,2136.5020729322314,97,225,6,PORT_SCAN
3235,5368629,7,582.5827504785082,703916.2026019837,2,7056,6,DDOS
6881,5001921,12,781.1352846453093,1385718.5743481328,5,1599,6,DDOS
75,5687,12,4.479536155794862,234.20852095355534,3,6,6,NORMAL
7812,3905319,11,1160.1264567807548,715486.8341936873,2,1121,6,DDOS
74,3134,29,2.5282676357673037,74.75981938044492,5,4,6,NORMAL
525,24726,13,16.101638163471442,1364.561170345998,70,192,6,PORT_SCAN
61,7500,33,4.669653211612912,572.6148474019766,1,8,6,NORMAL
31,6304,93,1.4374965586817603,226.2336061742491,3,54,6,C2_BEACON
790,47559,19,18.278110334391073,1596.4676025644364,180,234,6,PORT_SCAN
6473,3460096,12,598.763316599435,463761.69052579737,4,4299,6,DDOS
700,47883,11,11.752462757103903,1614.4245029520362,75,69,6,PORT_SCAN
421,13015,5,16.150619939641913,527.2525607944021,134,104,6,PORT_SCAN
17,7289,40,7.271661201798565,242.04894001831545,5,3,6,NORMAL
58,3370,48,1.0878810494907702,474.5020946294383,1,73,6,C2_BEACON
4470,3556945,9,354.31045964322,653564.7643454019,3,6143,6,DDOS
38,558,9,5.808807099113405,105.93007853250722,1,1,6,NORMAL
504,15200,19,13.110309992309036,2315.7153098639765,144,87,6,PORT_SCAN
6405,610521,6,1301.776043854462,736811.8323006786,3,9274,6,DDOS
59,2836,47,2.0242651592925243,276.5125647150684,1,96,6,C2_BEACON
34,674,49,3.3332670233119734,738.1791999786761,3,1,6,NORMAL
47,1872,7,5.712883721452086,617.7546930458695,3,10,6,NORMAL
8003,1460353,8,1347.6929187499454,1219091.7975847214,1,8486,6,DDOS
56,1239,55,3.45930920246534,301.2356494348026,1,8,6,NORMAL
72,3387,118,0.5546295221982068,397.44532180173434,1,60,6,C2_BEACON
147,22984,18,9.174065808528985,1631.9627644706466,203,133,6,PORT_SCAN
3954,3286787,5,1186.537418090684,695635.6253296655,4,8724,6,DDOS
293,42333,20,38.01742706844061,951.0166057863134,122,55,6,PORT_SCAN
7671,9253576,6,1200.670288287124,778826.2616876751,1,2970,6,DDOS
9816,7968826,13,448.0987103551155,1459456.5900305868,4,6864,6,DDOS
16,1205,32,3.4393757048426004,719.4437139951832,5,8,6,NORMAL
20,5257,11,4.290708228955818,655.3548960310574,4,2,6,NORMAL
54,945,46,2.4829662193814626,828.5544589921433,1,3,6,NORMAL
8095,2116210,15,391.82071084750237,1139834.1324472867,4,8635,6,DDOS
4548,1556117,3,1346.1524409233548,386875.6920894525,5,6503,6,DDOS
52,5669,16,2.8506055381800404,105.11290881393712,4,5,6,NORMAL
67,1973,41,1.4835437487404295,597.098092747564,2,2,6,NORMAL
47,2289,53,5.137104507377309,501.1143292993271,5,1,6,NORMAL
684,32951,28,20.56886369907324,815.4467573582717,166,125,6,PORT_SCAN
72,2072,19,7.999824658272714,197.19791429718455,3,2,6,NORMAL
19,4621,23,3.049744208176553,161.1585476457709,5,5,6,NORMAL
66,2465,49,1.8341433542249743,134.06301968202695,1,61,6,C2_BEACON
3369,9113666,4,912.7819009862558,648878.1365528876,4,5151,6,DDOS
7775,8186718,4,312.38429071499354,243147.1572339015,3,7513,6,DDOS
63,4371,65,1.159775372552881,240.73165060101508,3,44,6,C2_BEACON
4499,8700596,3,446.79348660293783,555540.9680900616,1,7841,6,DDOS
68,7877,118,1.9739027562597684,302.0844568725995,3,97,6,C2_BEACON
59,7408,28,6.799720150450366,196.5539263490388,2,3,6,NORMAL
5924,3160958,5,1293.5384260963947,1346963.3324447602,1,2043,6,DDOS
9264,2085592,12,1203.1542077702516,838382.8861100966,3,5932,6,DDOS
271,14606,29,8.286853458730398,1261.5056783685948,238,135,6,PORT_SCAN
57,4376,40,4.4819144835932585,454.22862206995404,5,6,6,NORMAL
7764,1481641,5,683.6173337195273,1323560.0334052772,2,6855,6,DDOS
38,6051,18,2.518126844517178,439.031836670765,1,1,6,NORMAL
4339,8337188,9,439.2288565206683,1348004.0661577075,4,1668,6,DDOS
8147,5018413,12,1089.6075636667492,527669.0364343467,1,8423,6,DDOS
595,7993,6,16.010310227143634,2858.7728535496603,52,141,6,PORT_SCAN
205,37920,24,11.34158873262565,2981.37917099282,201,211,6,PORT_SCAN
5914,598836,12,852.4246513416034,482608.4421064293,1,1084,6,DDOS
15,3234,27,4.703116286883699,655.6283664086537,1,4,6,NORMAL
13,2849,36,1.1188262511131162,530.3163038419123,3,5,6,NORMAL
6231,3762330,10,681.3093745992053,927362.8416788278,1,6915,6,DDOS
33,2837,49,1.195788871657871,400.10646192686863,1,45,6,C2_BEACON
62,4797,18,5.7187212300887875,631.4510576820027,1,10,6,NORMAL
10,2817,51,2.739168873288254,607.590836293453,4,3,6,NORMAL
56,2566,74,2.9308517073532125,136.3309433429006,2,86,6,C2_BEACON
27,3031,49,5.788522908388255,547.6152093267781,2,7,6,NORMAL
64,5125,28,5.089105077584862,992.2087404621795,4,4,6,NORMAL
32,7223,102,2.33925631916659,184.37440302087634,3,47,6,C2_BEACON
47,3131,11,1.1005168330624644,677.8732603852299,3,8,6,NORMAL
61,2498,14,5.420435083338381,55.267577231130176,1,7,6,NORMAL
23,1585,10,1.9054383764590792,476.4014931703789,5,9,6,NORMAL
67,3595,83,0.9774528594748573,493.3184466574783,3,66,6,C2_BEACON
48,4031,83,1.1152746306630965,475.0595375656357,3,49,6,C2_BEACON
62,1346,6,1.1721413147029063,576.5088151276934,5,10,6,NORMAL
4770,7916504,14,357.307226984213,970446.0969320843,5,2684,6,DDOS
50,1843,117,1.2501535476660635,324.28700957172634,3,39,6,C2_BEACON
481,40820,27,8.790650336663887,1060.1521502785286,299,56,6,PORT_SCAN
55,6644,17,1.736626316686217,911.5495243839556,4,1,6,NORMAL
5469,7745056,4,422.19309816567113,130895.44073435786,1,5831,6,DDOS
375,48203,13,32.38492006701297,2525.6487423845365,205,53,6,PORT_SCAN
29,1828,60,1.5845553043596499,780.6989567461991,1,7,6,NORMAL
714,5884,30,38.82262669748713,2894.044227742789,77,188,6,PORT_SCAN
62,4478,35,2.1031047439938626,430.98827792198,1,3,6,NORMAL
50,1890,99,2.1305936025887693,185.14412348795102,3,72,6,C2_BEACON
28,6694,90,2.405719601344146,77.5316571317018,1,57,6,C2_BEACON
32,5042,7,7.75634720460495,677.6973842192665,3,7,6,NORMAL
531,20892,11,33.97376327112728,639.6641646883518,85,80,6,PORT_SCAN
6360,5846113,4,1060.712986024243,1276652.125254539,3,5702,6,DDOS
482,26725,18,12.546528423974593,2333.335873646731,290,53,6,PORT_SCAN
62,7918,46,6.8859413850616304,185.3323612578708,2,4,6,NORMAL
45,6887,30,3.1484574751739602,425.3859611986459,5,4,6,NORMAL
15,5113,46,5.581039218981393,429.6368589138282,3,7,6,NORMAL
665,13539,15,17.61990477103906,2525.0881158073425,240,249,6,PORT_SCAN
404,17702,22,34.41598775672841,2315.781551972571,256,251,6,PORT_SCAN
51,4615,49,2.1559788111521385,97.99382343853614,4,8,6,NORMAL
77,6787,52,4.824867560925346,586.7616144030218,3,9,6,NORMAL
47,6213,13,5.284022413294457,765.1525670016911,1,1,6,NORMAL
54,4400,11,3.786244537047703,711.9251022474828,3,2,6,NORMAL
270,44383,17,12.564804980032104,1024.4076988171205,98,298,6,PORT_SCAN
41,5364,96,2.040916648346295,78.32046682549134,3,54,6,C2_BEACON
13,1187,46,3.7145957724582113,873.5087878153736,2,1,6,NORMAL
39,4484,102,1.4838555150236048,237.70563716108077,2,27,6,C2_BEACON
78,6402,25,6.389997025204088,335.03247304577627,5,10,6,NORMAL
266,40570,18,18.35471630078537,2612.7290215269772,226,224,6,PORT_SCAN
38,6108,25,6.821389401423572,787.1999159689326,2,1,6,NORMAL
26,5620,24,5.108212087311485,138.7569865393972,2,10,6,NORMAL
5223,6582121,4,941.3043878678677,559862.5830844528,2,1211,6,DDOS
8516,2283932,9,941.2512035779525,58478.25089584336,1,1217,6,DDOS
7488,7081459,8,806.9249660780907,736461.3464918414,3,7412,6,DDOS
41,5728,72,2.245823867514315,455.8351155907644,2,100,6,C2_BEACON
44,4071,56,1.259466521973235,328.6659986925189,2,98,6,C2_BEACON
53,3357,101,0.9027449925125287,296.2055108240205,2,27,6,C2_BEACON
189,20413,16,5.100313701590807,2984.763280499635,54,142,6,PORT_SCAN
41,7610,92,2.4300194745678603,255.34220299468657,1,63,6,C2_BEACON
488,22688,27,10.961852054074736,844.4083143668844,167,80,6,PORT_SCAN
28,5875,41,7.378340905050631,351.62140029984215,5,9,6,NORMAL
69,6922,57,3.6046479900063932,755.45541385726,5,5,6,NORMAL
67,3025,34,2.4875594518603115,163.9178785376239,2,5,6,NORMAL
230,38898,14,8.531955138798521,1746.7806084188355,63,203,6,PORT_SCAN
29,4227,52,7.916284714214817,404.9435998875895,5,8,6,NORMAL
50,7104,52,5.732199226996849,918.2810039221076,1,6,6,NORMAL
4057,9500188,9,873.9013708514817,149706.3365879632,2,3128,6,DDOS
7057,4535113,4,970.1843597270133,68013.3376649153,4,4571,6,DDOS
62,5472,77,1.8934211854451648,265.0458833580352,3,43,6,C2_BEACON
168,33762,18,26.89147452387316,2684.942254253991,195,70,6,PORT_SCAN
394,9900,22,25.137455600864765,2632.9880415976,288,206,6,PORT_SCAN
68,4737,30,1.1293694442987487,233.2259913579327,2,83,6,C2_BEACON
73,884,27,7.561898073739338,687.7753985084362,5,6,6,NORMAL
39,4645,78,2.3218705722710284,482.54377858168806,1,26,6,C2_BEACON
5931,1003611,11,438.2271511173424,471335.51231467543,2,6896,6,DDOS
530,18885,12,32.190808846891265,1878.9697807483342,79,100,6,PORT_SCAN
18,1212,29,4.6727315297734915,574.4514819966291,3,9,6,NORMAL
9650,7286479,15,536.7549051133515,487220.54788624746,1,9805,6,DDOS
45,4564,78,0.7059722224337113,60.72536759866573,1,61,6,C2_BEACON
22,4852,45,3.153710709298978,852.0273187026127,5,5,6,NORMAL
721,46372,5,37.32427959212924,1302.8980364587342,228,165,6,PORT_SCAN
9976,8310369,10,801.8685952234384,1152492.3954023807,2,5835,6,DDOS
9865,7625354,14,898.9321346150487,1158984.6676928252,5,5472,6,DDOS
80,4724,114,1.8699510848479368,224.98063000163575,2,34,6,C2_BEACON
54,3930,5,4.682828026021216,232.30771878087836,5,2,6,NORMAL
646,39571,6,16.808645409100862,540.6807301464323,170,74,6,PORT_SCAN
21,4055,11,6.20277269745699,718.696287862586,1,8,6,NORMAL
47,1299,35,1.4595810477204,295.7192580321975,5,3,6,NORMAL
3635,5031949,4,937.7641985713552,1041769.9083323384,4,2080,6,DDOS
31,2615,16,4.374805194786098,435.18350064299733,5,1,6,NORMAL
4238,9146766,12,1103.3830681813538,1074287.1301107998,4,8489,6,DDOS
50,5048,39,0.6403882284609113,598.5277600677209,3,6,6,NORMAL
41,1733,5,7.492981494033864,72.71474317720416,5,6,6,NORMAL
63,5455,46,1.1696513772719919,469.63076815620786,4,8,6,NORMAL
9037,7428341,8,1160.8632214876948,1321303.7794969378,1,3627,6,DDOS
4528,8875247,6,1092.9674592207407,1244666.598932457,4,5389,6,DDOS
55,6781,42,7.9970431010850955,975.280868646827,1,4,6,NORMAL
73,535,38,6.021604477348082,575.5650124590312,4,10,6,NORMAL
43,5419,59,2.2342368689768666,498.7286816454793,1,67,6,C2_BEACON
502,11743,23,32.76036312301241,1968.9472189468356,92,253,6,PORT_SCAN
5681,7785484,12,566.8879320486423,1394845.5379014376,2,1083,6,DDOS
153,13976,21,33.25320355884072,1563.5143456019875,170,133,6,PORT_SCAN
8062,7695804,12,612.1893359653759,179138.8376738701,3,3787,6,DDOS
59,3634,40,1.823088900948697,258.21016819156625,3,54,6,C2_BEACON
71,1434,57,0.9900757633544937,517.1592322765146,5,1,6,NORMAL
39,2161,58,2.372715754602181,637.6670542227179,2,2,6,NORMAL
56,7565,60,2.447191694516448,438.66067963790294,1,21,6,C2_BEACON
636,18006,23,31.31475321862267,824.7270670422618,135,251,6,PORT_SCAN
9176,9511487,3,1468.2958846570493,193094.29183704063,2,9260,6,DDOS
121,37696,6,14.460450036293686,1970.6003923747066,126,261,6,PORT_SCAN
41,2485,9,2.496928180201271,458.5624445769269,5,2,6,NORMAL
67,7942,33,2.7301484938804053,609.0988817850478,4,5,6,NORMAL
21,3362,19,7.125475541503381,680.1677526182632,3,6,6,NORMAL
76,1002,33,2.048191850074158,435.72468984905896,2,20,6,C2_BEACON
77,2969,114,2.5340943693228994,424.08681734530484,1,69,6,C2_BEACON
69,1614,85,1.9995544595814125,237.7923967678121,3,30,6,C2_BEACON
26,1348,29,5.431413583487981,625.8527352553685,3,9,6,NORMAL
43,5032,42,4.8435719452805035,446.69916987741493,2,4,6,NORMAL
66,785,13,1.0042502229658161,789.5896048315221,3,6,6,NORMAL
19,4904,18,4.29413520536574,175.83374184814392,3,2,6,NORMAL
22,6980,59,5.241459597597355,407.32450327857254,2,1,6,NORMAL
70,4217,31,3.8140652112330256,621.1557382352426,1,4,6,NORMAL
46,4343,39,0.5623783294727998,925.9839759568503,4,5,6,NORMAL
4241,9386057,9,1244.6588894264282,250091.7823058708,4,7773,6,DDOS
4117,988919,7,1247.6038080770209,452769.3882962505,5,3883,6,DDOS
53,2776,14,2.114853215806916,775.3194225561978,1,2,6,NORMAL
449,34326,30,9.591915099812482,1227.1039739310063,209,269,6,PORT_SCAN
7929,3946060,12,1381.4098405840195,317933.64563860686,3,1479,6,DDOS
80,4456,44,5.974426876323416,184.28004987774472,1,7,6,NORMAL
56,7116,25,7.689941914471279,210.20753536068116,3,4,6,NORMAL
117,42176,26,39.664458559252694,2588.397577931875,184,178,6,PORT_SCAN
6223,6830379,12,569.3845601743575,1424758.3648808794,5,4747,6,DDOS
45,2639,46,5.833203316788438,897.7551077968861,3,4,6,NORMAL
36,6378,26,2.026979842455897,652.5260609408257,3,9,6,NORMAL
62,3868,24,3.82253365287239,937.0800981716333,3,3,6,NORMAL
434,23559,26,30.56302376496742,1561.48109951874,150,186,6,PORT_SCAN
554,35325,5,20.396824779439527,1666.0987518169686,297,141,6,PORT_SCAN
28,4108,7,7.431599051775704,271.81511699930536,3,3,6,NORMAL
8116,2042796,14,1313.0242608028047,187363.7419805209,3,5478,6,DDOS
3435,3669550,5,365.48060086244834,315554.915755989,4,5263,6,DDOS
312,37100,23,13.748917042733035,853.3264138399636,207,264,6,PORT_SCAN
42,6867,33,0.6407359482634285,522.8163088963297,1,1,6,NORMAL
48,2698,36,1.5945111548491089,208.84703072117603,3,7,6,NORMAL
24,2904,32,1.686183157585023,53.083050296642824,3,9,6,NORMAL
80,1391,16,5.341637030614223,127.87500843184692,3,3,6,NORMAL
16,5842,39,6.770206888099639,970.5464444205137,2,3,6,NORMAL
40,3645,79,2.389907692267198,351.6183512517359,1,85,6,C2_BEACON
38,5952,42,6.608406773322352,409.46490273983824,3,3,6,NORMAL
23,3169,40,5.370885595917179,802.8093925640898,5,8,6,NORMAL
689,24206,12,16.50395761063372,2497.5148843162397,300,142,6,PORT_SCAN
666,9159,25,6.722532310729585,1026.1584811303344,187,100,6,PORT_SCAN
46,2936,20,1.219369410516812,423.2571038840809,5,8,6,NORMAL
354,12279,12,9.031576714365347,2737.6461519987874,197,118,6,PORT_SCAN
61,7188,111,0.8932128146540483,319.5404830170149,2,83,6,C2_BEACON
60,4612,28,2.268335553975745,994.7990836763767,3,4,6,NORMAL
79,4351,16,1.941442196948396,849.4623235432467,4,1,6,NORMAL
4520,3871228,3,1199.8988823538666,1223309.0080379604,2,5249,6,DDOS
31,6185,24,7.275680465378644,93.69142024335211,1,5,6,NORMAL
213,8145,14,7.6264761330965865,1323.3224356159863,206,252,6,PORT_SCAN
48,7791,37,4.717494290704908,671.8661843828905,4,6,6,NORMAL
76,1350,73,1.7658821962456903,436.8701941685478,3,38,6,C2_BEACON
4909,5383940,13,929.2748368082591,709262.3459794156,3,9495,6,DDOS
70,7967,13,5.355286656312681,621.0848529698071,1,4,6,NORMAL
783,23034,17,18.50372761054221,2499.637989463952,168,156,6,PORT_SCAN
537,8743,30,8.822357165554877,1470.276407012224,234,288,6,PORT_SCAN
39,1498,56,1.0689656221110484,313.5548259523229,3,81,6,C2_BEACON
79,4545,33,1.1033138892447574,87.8677449744324,4,6,6,NORMAL
35,6856,67,2.746131510117938,220.7498268797698,2,23,6,C2_BEACON
79,6216,68,1.5563247725505303,60.072563832764715,3,52,6,C2_BEACON
59,1016,55,4.554140354138294,342.34433565065217,5,8,6,NORMAL
58,5393,38,2.7117330946241736,530.2735207613964,4,2,6,NORMAL
9739,4450370,7,552.4637895174329,1340857.7552611341,4,6196,6,DDOS
72,1161,5,0.5541799615740501,929.8301084688617,5,5,6,NORMAL
33,1789,28,5.015152073500828,826.1073217720814,2,7,6,NORMAL
73,1721,10,6.346446669383273,121.29580294628018,1,5,6,NORMAL
26,6946,41,2.039041813571573,838.3269453562759,5,4,6,NORMAL
56,6684,14,1.9929341116433748,533.666390413923,5,1,6,NORMAL
3546,6569317,12,876.5830865404718,682299.341701728,3,8799,6,DDOS
40,5633,102,0.5984536834668295,280.2687672908353,3,36,6,C2_BEACON
58,3798,99,2.0817436172070556,385.1572518925561,3,37,6,C2_BEACON
9931,9427083,14,961.3353941047031,1146644.7782795236,1,7837,6,DDOS
45,2762,114,1.6302793083679914,292.27806526230785,3,58,6,C2_BEACON
3903,2527802,8,986.1177053116909,108409.10530110725,2,2929,6,DDOS
16,7554,12,1.646309895111958,201.98290163632774,4,10,6,NORMAL
78,4474,41,1.5934058624305898,206.70352282263764,2,66,6,C2_BEACON
48,1146,30,7.270829010043656,728.590414173842,5,10,6,NORMAL
24,5979,27,3.8425043471351934,909.2716355633075,5,10,6,NORMAL
68,6682,38,1.104379613622066,326.89437208254526,2,38,6,C2_BEACON
74,1736,70,2.828906616229634,210.51335924381894,3,39,6,C2_BEACON
108,33464,20,15.131332016570997,1714.8231097052783,244,159,6,PORT_SCAN
69,6833,48,6.118181838195601,747.5977829716753,5,4,6,NORMAL
30,1064,38,1.6626910855649522,330.88902815019804,3,9,6,NORMAL
23,7143,58,3.075783318787007,728.5997717090895,5,3,6,NORMAL
40,5174,90,1.7394698180841444,130.45782506094693,2,58,6,C2_BEACON
649,42227,6,39.682855777903264,537.2463999922537,234,113,6,PORT_SCAN
42,7887,60,0.8792572398288931,299.16961202661696,2,48,6,C2_BEACON
21,3636,84,2.477299924612163,196.55830972739062,3,45,6,C2_BEACON
606,8949,11,5.459483738746221,1040.3386702416535,259,148,6,PORT_SCAN
5523,916001,9,1041.0263911564075,369528.9563138812,3,2515,6,DDOS
46,5649,50,4.257867241303064,444.6603946566318,4,2,6,NORMAL
69,3766,35,2.760253474652743,758.8430181208192,5,4,6,NORMAL
30,7455,81,1.017827276474393,191.39530143864056,2,55,6,C2_BEACON
35,2217,44,5.857884017224208,702.2807324530846,2,3,6,NORMAL
67,2972,97,0.5174576724850042,450.75023349868184,3,52,6,C2_BEACON
4402,1929986,7,746.9236288833595,1144525.5581420844,3,5021,6,DDOS
3598,2098523,11,370.50277637343953,532650.6838205731,2,8715,6,DDOS
6037,6255884,8,1280.2166304552288,1414437.017766799,4,7200,6,DDOS
20,4122,30,1.906779141322105,416.16772952964357,3,35,6,C2_BEACON
621,30175,22,32.27802607162775,1502.1223986003245,119,102,6,PORT_SCAN
32,7651,62,2.8195142763677166,254.64225464044475,3,94,6,C2_BEACON
3100,1633208,12,1247.2997084925723,330741.0855690872,5,3064,6,DDOS
38,3982,41,1.995122692869923,255.31586758286792,2,89,6,C2_BEACON
518,45611,26,9.514448347903553,1416.8306647330382,266,209,6,PORT_SCAN
59,7490,35,1.299899505667707,412.29608277474756,3,10,6,NORMAL
642,44809,20,23.151646108737488,772.9614019610085,62,215,6,PORT_SCAN
11,2865,56,3.8661546771603126,694.5687349878563,5,1,6,NORMAL
27,1197,50,0.7159438202235964,134.05582270837147,1,77,6,C2_BEACON
80,2778,44,5.214765691620222,829.1153217404327,2,1,6,NORMAL
238,15763,21,30.027850039521457,1684.676047597475,131,156,6,PORT_SCAN
619,19097,30,19.31520374214734,1905.6432763449598,132,116,6,PORT_SCAN
49,3204,103,2.5915335240438853,257.10749200331173,2,83,6,C2_BEACON
15,3344,39,3.7128350992605834,402.04233240715337,5,6,6,NORMAL
21,1429,112,2.60723295243993,151.48394119301406,1,25,6,C2_BEACON
77,3454,9,7.650527584891362,566.8778619316317,5,9,6,NORMAL
69,5168,44,5.511413528341202,369.5767888968065,4,6,6,NORMAL
8947,2210400,13,1242.5991027517694,1294724.6008666449,4,7997,6,DDOS
6748,3246337,12,465.0731513668632,1059135.5126316883,3,3372,6,DDOS
749,46386,29,17.53424731291406,1099.3047105618325,279,106,6,PORT_SCAN
68,1673,25,6.9679545750283705,221.33893065150164,1,8,6,NORMAL
70,6370,47,3.2247091037731703,479.9058333659335,1,4,6,NORMAL
616,11924,9,12.657469079527282,1409.1094580586205,299,165,6,PORT_SCAN
25,5573,44,1.8294060930278881,409.36593958046404,1,93,6,C2_BEACON
34,6899,74,2.2939113397550672,340.2346826301653,3,48,6,C2_BEACON
48,3126,43,7.604591915120872,240.80891426696812,3,3,6,NORMAL
9750,5247402,14,1112.6263814213557,656579.937126758,4,3391,6,DDOS
44,2254,67,1.7639864918524282,151.35601895141167,3,44,6,C2_BEACON
756,12956,16,37.819631447115505,756.8590273948046,107,62,6,PORT_SCAN
77,4111,31,2.171862042452176,79.13866828430554,1,59,6,C2_BEACON
56,7910,62,1.0420151448082065,60.71563727748174,1,47,6,C2_BEACON
64,2157,49,7.320554107348234,888.040375839899,3,3,6,NORMAL
4100,1909758,7,833.4063784970705,559783.6798709442,5,1674,6,DDOS
56,3971,67,1.2666568261532467,372.12650717225745,3,59,6,C2_BEACON
46,5506,47,5.686352135605,615.2205369894837,5,3,6,NORMAL
57,4385,44,1.899166454370241,154.51173179672114,1,58,6,C2_BEACON
50,1472,36,6.089292234929633,66.88067240648826,4,7,6,NORMAL
38,6992,116,1.979530127067272,437.4045172897715,2,43,6,C2_BEACON
696,35866,13,27.86312003470384,580.6868139290295,157,116,6,PORT_SCAN
33,4564,49,4.231425443702205,928.0949432956154,5,5,6,NORMAL
748,34104,21,25.34317536805177,581.5888432359346,124,268,6,PORT_SCAN
9637,6089238,5,1293.4616331765023,355388.97424713825,2,1861,6,DDOS
78,7424,94,2.2708847946624777,290.9119612803172,1,97,6,C2_BEACON
122,33770,30,26.581431411024916,1983.9368793361857,227,161,6,PORT_SCAN
507,36372,26,9.283172510420233,692.0095845382264,114,290,6,PORT_SCAN
74,4944,49,5.276580761506113,724.835090783499,3,9,6,NORMAL
79,5654,88,1.8435215380303456,115.8529629157973,3,29,6,C2_BEACON
281,24328,13,29.414535614743393,1161.3628583478194,175,140,6,PORT_SCAN
11,3244,5,6.19196864910259,407.4610889446414,3,2,6,NORMAL
519,28716,7,17.319461327910417,1764.108607106726,284,142,6,PORT_SCAN
699,10289,14,12.660021790301679,1682.9444194759199,140,113,6,PORT_SCAN
39,7512,54,3.580813216621836,352.2675108721099,4,7,6,NORMAL
432,10455,27,35.93952357191315,1160.0954518109484,84,154,6,PORT_SCAN
241,37764,11,6.548677179166166,1254.8447965718922,73,136,6,PORT_SCAN
8931,3302587,3,798.8160119578251,206141.55145477707,3,6286,6,DDOS
58,3679,69,2.6384472576621163,261.46034807077035,2,69,6,C2_BEACON
41,826,48,7.142451192490962,412.30397723716345,1,7,6,NORMAL
300,40008,24,35.11030650346423,2204.853040791956,238,54,6,PORT_SCAN
74,2314,44,0.8252377767437877,794.0656461813606,5,5,6,NORMAL
8631,5995887,15,638.1567942976687,172378.47857937077,3,3980,6,DDOS
47,3450,56,5.575748990068608,454.6954460562257,1,2,6,NORMAL
55,2269,115,2.981693202141454,61.86163516731421,1,48,6,C2_BEACON
729,14600,9,10.768643555352387,2686.5352243231027,132,69,6,PORT_SCAN
23,5234,37,2.0955410425400456,673.8994878387444,2,2,6,NORMAL
59,7579,44,3.636010575011574,964.5515596273699,2,6,6,NORMAL
39,2526,52,2.6313146004356676,645.1566503948802,2,9,6,NORMAL
48,4466,55,1.0769102104636787,289.1147508994577,2,8,6,NORMAL
67,6147,43,4.024343592557644,81.00786261187807,3,5,6,NORMAL
18,1662,52,5.2487900949163535,79.12424346186062,5,4,6,NORMAL
11,3312,49,6.532105802257246,339.8621475514656,4,1,6,NORMAL
43,7973,62,0.9800578674939049,176.11062818703334,3,23,6,C2_BEACON
9357,3503461,10,1172.8745555145251,483697.5770247342,2,1353,6,DDOS
258,10636,27,14.473411329035077,2989.7856401848258,100,160,6,PORT_SCAN
626,25536,29,38.053347549690976,2271.280904375426,217,89,6,PORT_SCAN
514,30684,17,8.545649518788531,2334.8109316838654,275,227,6,PORT_SCAN
37,4574,101,2.255119402376101,80.12234739459234,1,53,6,C2_BEACON
9114,8790765,9,456.23919753410144,1291689.7051004963,5,4531,6,DDOS
380,36560,11,38.363027633867745,1371.3834492132733,191,216,6,PORT_SCAN
535,14710,5,14.91977770624965,800.3162436971268,149,52,6,PORT_SCAN
34,1374,13,1.885598724309255,774.3251095463172,5,10,6,NORMAL
389,31092,21,11.820929728497083,2379.6056768045073,235,141,6,PORT_SCAN
46,6821,99,2.629209120329201,494.37021561714954,1,100,6,C2_BEACON
71,5274,41,7.570052381632323,724.6174499139489,5,5,6,NORMAL
21,5337,32,0.738370096113377,139.01047786851282,2,9,6,NORMAL
63,3256,71,0.5269225917152427,102.78140592783035,2,87,6,C2_BEACON
66,1856,19,1.0781616930593514,661.3031522688942,2,3,6,NORMAL
580,13155,16,38.86656357185015,2785.0732964267418,155,282,6,PORT_SCAN
6538,903047,12,1256.6650863852838,1405838.1623382766,3,5049,6,DDOS
78,6215,117,2.4819063140147852,446.13075531251263,2,42,6,C2_BEACON
659,45567,15,15.551674592400138,1685.4963002660238,244,101,6,PORT_SCAN
175,28262,19,36.87359787010115,2077.0799936680814,239,263,6,PORT_SCAN
9893,1417249,14,1400.9487461042645,1023817.9594094302,3,7302,6,DDOS
79,1770,88,1.449627789651085,201.8222142653196,3,80,6,C2_BEACON
547,46556,14,29.573241783031648,2844.7538339558164,281,269,6,PORT_SCAN
475,8281,24,29.02356734816264,1130.8170114774728,136,222,6,PORT_SCAN
10,5635,9,2.080861062016438,648.0387597151336,2,7,6,NORMAL
52,7691,35,3.971362820567077,390.8045220079169,3,8,6,NORMAL
6129,4814727,4,437.57354897069433,194033.767920583,2,5675,6,DDOS
28,2879,7,2.6572275621060495,728.4342231234756,3,8,6,NORMAL
16,606,52,2.385058462792293,639.5336108312566,4,4,6,NORMAL
3873,7132241,3,945.9515319975795,717874.016673066,2,5863,6,DDOS
8555,7516965,14,849.3439094701813,686492.011920043,3,8678,6,DDOS
14,7690,55,4.485724626295038,764.7639934840842,1,8,6,NORMAL
7046,3360131,11,532.5243085012294,1121281.4999392272,5,3875,6,DDOS
456,43305,24,34.04601938375893,668.9249285483571,57,268,6,PORT_SCAN
59,2682,14,5.750413995040442,909.3866662812519,5,1,6,NORMAL
6457,6268277,6,1471.812926534163,978804.4491210975,2,2120,6,DDOS
8713,2981086,7,1026.522762675322,1419184.5714118064,2,5166,6,DDOS
4622,8661633,5,903.1365032358465,209845.4624672095,5,4482,6,DDOS
24,6849,56,1.7381880210104759,307.01539880178507,3,21,6,C2_BEACON
4492,9499758,15,623.3780095758586,1484585.407643985,4,3651,6,DDOS
49,6915,38,0.5172082846725095,64.54515574060838,3,72,6,C2_BEACON
625,34847,21,29.771390745194783,1812.6830059817921,127,268,6,PORT_SCAN
297,21390,10,11.925675526611588,2615.089444207305,233,121,6,PORT_SCAN
8021,3438131,9,598.9617810807654,1354948.6994424309,4,8501,6,DDOS
75,7230,38,1.6942209957797933,495.4401172273813,1,92,6,C2_BEACON
69,6022,47,2.5056110577640873,359.74948095349134,1,66,6,C2_BEACON
499,16384,17,36.64599803190211,1793.1926950522445,161,109,6,PORT_SCAN
4766,7952780,14,1491.1165989840904,1215343.9815463969,3,3683,6,DDOS
72,6288,33,4.692685929763014,565.5973729654095,4,4,6,NORMAL
721,9915,9,24.841530151461342,2986.0113206789424,74,256,6,PORT_SCAN
235,5995,13,32.985612332008444,2877.4180798678253,71,113,6,PORT_SCAN
468,18520,28,8.124589411798667,2801.6181393491925,146,213,6,PORT_SCAN
8305,3101637,10,932.7344533463679,988476.8173901944,1,5762,6,DDOS
4469,8752486,14,1073.7430147357309,91241.74805778445,3,9078,6,DDOS
24,3026,55,3.481005113810922,514.6419715146244,3,2,6,NORMAL
689,5304,19,14.95280366083258,2604.1071595038015,153,59,6,PORT_SCAN
80,7672,54,0.5587640333216635,63.9938498519572,1,46,6,C2_BEACON
591,24007,14,28.363743525003557,2897.7285360687188,176,144,6,PORT_SCAN
331,27607,25,5.49453211930232,981.6016605977084,122,260,6,PORT_SCAN
24,6871,57,1.7282435762539936,345.4869736186699,5,1,6,NORMAL
8658,6085238,11,339.2570104890165,667558.2669056029,3,9887,6,DDOS
14,4239,8,7.385233020058371,719.4022479590348,3,6,6,NORMAL
23,4199,34,6.702575762445123,90.29512020864289,2,9,6,NORMAL
7078,9140458,13,1497.5453109452799,1337716.774061274,1,7643,6,DDOS
394,32498,19,16.38889661922208,2156.045474575186,79,95,6,PORT_SCAN
4948,2461547,3,1492.527645676963,883061.4979072405,4,5266,6,DDOS
37,6684,37,1.353631310826513,458.41795172799584,3,10,6,NORMAL
20,6825,44,2.715346105288072,284.1272922415517,1,2,6,NORMAL
21,1435,50,3.8704881351854135,394.7962196993918,5,7,6,NORMAL
51,7575,29,0.5925546116296583,443.119566279721,1,9,6,NORMAL
62,2349,59,2.210026724445689,404.4759098492926,2,34,6,C2_BEACON
9552,1601048,6,1370.2838559506445,713917.473901791,1,7400,6,DDOS
3113,3690758,14,308.7483082487589,666219.4190081803,5,6653,6,DDOS
76,3264,48,5.677087466784651,220.920819771337,5,1,6,NORMAL
242,24313,19,10.044908480598266,2633.2805147674007,298,288,6,PORT_SCAN
353,7213,13,31.247038724478323,2532.48960495095,146,217,6,PORT_SCAN
55,6838,67,0.8157481341307375,206.43091006698964,2,75,6,C2_BEACON
42,902,28,2.155420881097407,731.9529348412921,1,4,6,NORMAL
596,45872,27,12.024495594313816,667.8551547235941,89,204,6,PORT_SCAN
43,7158,9,0.6635013705395955,111.24843424456428,4,3,6,NORMAL
44,6238,44,4.189970105204141,354.61153699774763,2,1,6,NORMAL
782,23260,9,8.359160402711545,1880.4086081458254,180,243,6,PORT_SCAN
13,5488,47,6.720955924697472,304.0753388964051,2,5,6,NORMAL
40,7788,69,0.7532454191552719,374.8733001999156,3,71,6,C2_BEACON
80,1376,114,1.4751575382016777,481.8792671635695,3,82,6,C2_BEACON
46,3592,89,1.1142462020372987,382.30955719016333,2,60,6,C2_BEACON
537,41014,9,9.045411984088641,794.9813920473068,207,281,6,PORT_SCAN
65,7104,16,1.3026232152086967,141.49819573883804,2,4,6,NORMAL
78,3560,111,2.7893447783187026,487.6375426671241,2,91,6,C2_BEACON
48,866,56,5.830842423164393,71.45585944295674,3,2,6,NORMAL
268,49975,14,38.30231085750533,1943.1057059836194,76,87,6,PORT_SCAN
39,3414,40,7.558571337280441,460.2555489275675,5,7,6,NORMAL
673,27763,16,20.69687770340787,2293.3146863696898,283,161,6,PORT_SCAN
3734,5823702,14,936.5085610711245,255603.8143306129,1,6132,6,DDOS
4274,4696564,6,864.8384159388436,592748.7279024957,3,8017,6,DDOS
38,7767,87,0.8924195081723956,443.00385363349307,2,56,6,C2_BEACON
3970,4266215,14,543.7744366277232,1421775.8737490196,3,5717,6,DDOS
5045,6785495,6,539.982829314945,73255.74279904335,1,1238,6,DDOS
23,5387,32,3.092653337598502,797.1067692934978,4,10,6,NORMAL
71,7057,53,2.2242475959720727,342.86324706588067,1,49,6,C2_BEACON
5941,2112483,8,915.1838707912378,759953.4019521734,4,8805,6,DDOS
17,4063,47,7.731637060495556,274.93314800480164,3,6,6,NORMAL
34,5577,38,2.393136472360103,386.7190458175428,4,2,6,NORMAL
67,5164,97,2.623051996869782,278.93551265352045,3,25,6,C2_BEACON
20,2225,15,3.477841874752714,140.77603303345126,4,9,6,NORMAL
50,2254,88,1.841136691708943,212.06081621891204,1,56,6,C2_BEACON
29,3542,54,1.1710992706225583,199.81353338750634,1,10,6,NORMAL
3974,4744844,3,379.4968333987516,1018000.3141231459,1,3028,6,DDOS
33,1714,8,5.399576586616402,84.88499923129143,1,10,6,NORMAL
77,4159,38,5.778245938669044,124.19758604006817,5,2,6,NORMAL
42,7757,109,1.7063828029088284,115.75408840669633,2,60,6,C2_BEACON
4087,6513049,7,586.8748752561823,1498479.9059596492,1,8860,6,DDOS
7408,1861450,15,1352.0643500903004,994336.3831371703,5,1507,6,DDOS
22,508,18,4.076050311956855,176.06480243798728,2,9,6,NORMAL
60,501,51,0.7599717667115742,320.2580620793602,1,9,6,NORMAL
38,7179,50,0.6616333436522552,78.25233952898806,2,27,6,C2_BEACON
14,5384,16,5.878990666934529,631.4473267852005,1,5,6,NORMAL
198,30400,9,16.14248444666378,2838.155994816241,152,247,6,PORT_SCAN
49,3283,27,0.5457934205274402,876.3695712096162,5,7,6,NORMAL
47,6228,23,0.6645469839467375,838.5356834182019,4,5,6,NORMAL
565,41317,27,34.0331380742185,2797.8755752009365,178,128,6,PORT_SCAN
30,1603,45,4.344821120008316,896.2577878956185,2,1,6,NORMAL
600,41052,20,32.993702991759605,2285.8023965253306,133,242,6,PORT_SCAN
6251,2858208,6,434.31883666789565,1114996.5902817275,1,9551,6,DDOS
7712,3975340,15,1121.598217615119,949660.0574048497,3,1898,6,DDOS
443,6838,12,14.877242600147529,1853.919787452827,66,104,6,PORT_SCAN
110,19255,25,18.108534560443598,703.1873329952058,235,291,6,PORT_SCAN
66,3604,35,1.9220033774936782,476.8652369731645,2,52,6,C2_BEACON
45,4289,20,7.058644655529349,121.6156439555749,5,2,6,NORMAL
57,2044,31,7.11621551367758,465.2510480956321,2,3,6,NORMAL
6103,4985722,3,1402.1299725063377,976830.5604385195,3,5081,6,DDOS
6856,7905061,9,906.3510651236255,1115645.7515692278,2,8897,6,DDOS
73,7510,60,0.9047130122177972,195.13957020096947,3,81,6,C2_BEACON
4451,5434928,4,941.5845996866806,616731.7781169517,1,1183,6,DDOS
65,1194,86,1.7020189096732778,376.71428789871794,2,70,6,C2_BEACON
35,7063,43,1.537989009525734,287.5030510095567,4,6,6,NORMAL
75,1650,37,1.6165821285304083,285.3269581614984,1,52,6,C2_BEACON
68,3372,93,0.5587828395821538,371.6339782901565,2,90,6,C2_BEACON
42,4386,49,1.6484532359332729,710.4324277598636,1,5,6,NORMAL
40,2996,91,2.503063228233923,134.90015528214244,2,81,6,C2_BEACON
9962,6899761,9,414.9963016864834,1140346.8686797216,2,1173,6,DDOS
25,2511,63,1.503569386910783,151.9880921247624,3,30,6,C2_BEACON
57,2761,106,1.7180766705416322,306.1981711858594,3,75,6,C2_BEACON
59,2446,37,6.38230379653165,808.880664865092,3,1,6,NORMAL
288,5235,10,25.016429220313356,1980.281887514922,52,275,6,PORT_SCAN
3342,516794,10,1453.3373310807804,950058.3810315408,2,1008,6,DDOS
419,26215,18,22.93244709090827,558.5798789216946,120,167,6,PORT_SCAN
13,1923,17,7.063854170940626,240.6904372954953,1,4,6,NORMAL
28,1038,13,2.562619996684649,651.4228880859647,5,6,6,NORMAL
206,8538,16,36.51488821490992,2263.754188093607,209,174,6,PORT_SCAN
78,3440,26,5.613768017077525,430.5840585562209,1,6,6,NORMAL
64,4642,72,2.4684348711814015,364.80275255489937,3,55,6,C2_BEACON
9973,8464404,8,1137.7594881300379,318432.3794209618,1,3963,6,DDOS
11,6299,13,5.761247084178995,205.6409993886372,3,9,6,NORMAL
22,3165,28,5.095835722713286,296.71573063578313,5,5,6,NORMAL
71,5199,84,1.5179875922814108,203.95790941680264,2,53,6,C2_BEACON
35,1752,28,6.218831000563634,562.4100786136445,5,1,6,NORMAL
18,4845,41,0.5635605646475718,667.5192024999166,4,6,6,NORMAL
6835,7837608,4,1388.6492532629788,742536.4794997142,2,3093,6,DDOS
75,4804,87,0.8817121152222693,382.0366377960774,2,73,6,C2_BEACON
58,6099,50,3.425528649683459,299.4938938907708,5,7,6,NORMAL
8966,5401010,14,829.8214920934857,783550.0942369322,1,3527,6,DDOS
28,7116,119,1.476774394720674,217.33635199813017,3,21,6,C2_BEACON
603,28827,15,15.652484326835731,742.2180523899856,53,224,6,PORT_SCAN
30,4057,114,2.7545522334291093,376.78937128157037,3,38,6,C2_BEACON
32,5340,43,3.9240756536487966,761.4660214935137,5,7,6,NORMAL
650,5323,27,35.380520536282546,1149.2192276440437,250,61,6,PORT_SCAN
76,5837,33,7.370545909450756,222.41468986196963,5,7,6,NORMAL
26,3046,58,1.1266767566022788,378.51362300452746,2,62,6,C2_BEACON
3628,4527148,4,498.1357506690922,133246.70733994557,3,9074,6,DDOS
75,3186,10,3.506249349708996,140.61585050480167,2,8,6,NORMAL
6025,9329103,9,1005.8873494771282,802470.2491558779,4,5320,6,DDOS
77,7780,5,7.901618996323917,937.2281815905051,2,7,6,NORMAL
25,1105,42,2.282739047072669,268.49694147135983,3,83,6,C2_BEACON
374,48167,13,15.758884022734655,2756.6826603401114,282,156,6,PORT_SCAN
7073,4372547,13,1430.883605491594,93099.10159129581,1,2117,6,DDOS
8441,9312402,7,895.7413216045337,180860.74214586194,5,3003,6,DDOS
7742,2594239,4,1469.430694526615,1379235.8480270826,4,6132,6,DDOS
66,7603,44,4.174571738831477,358.6508454638433,4,4,6,NORMAL
